global_source_id,citation_key,title,author_or_institution,publication_date,represented_date_range,map_scale_if_known,geographic_scope,licence_or_usage_note,source_url,local_path,authority_level,historicity_of_source,exact_locator,georeference_status,notes
hsrc_e356c9a9231f,hall_cambridge_history_of_japan_vol4_1991,"The Cambridge History of Japan, Volume 4: Early Modern Japan","John Whitney Hall (ed.), Cambridge University Press",1991,1550-1800,,Japan,Published academic reference used for fact verification only; no content redistributed.,,,ACADEMIC_REFERENCE,LATER_SCHOLARSHIP,UNKNOWN (work-level; see scenario evidence),NOT_GEOREFERENCED,Registered in MAPGEN-008/009/009R as a scenario source; global id added additively — the scenario src_ id is UNCHANGED and remains valid.
hsrc_a655571dc162,kokushi_daijiten_izu_shoto,"国史大辞典 (Kokushi Daijiten), entry: 伊豆諸島 (Izu Islands)",吉川弘文館 (Yoshikawa Kobunkan),1979,Edo period coverage (1603-1868),,"Izu Islands, Japan",Published encyclopedia of Japanese history used for fact verification only.,,,ACADEMIC_REFERENCE,LATER_SCHOLARSHIP,UNKNOWN (work-level; see scenario evidence),NOT_GEOREFERENCED,Registered in MAPGEN-008/009/009R as a scenario source; global id added additively — the scenario src_ id is UNCHANGED and remains valid.
hsrc_61f13c030eca,ncmh_vol7_old_regime_1957,"The New Cambridge Modern History, Volume VII: The Old Regime 1713-63","J. O. Lindsay (ed.), Cambridge University Press",1957,1713-1763,,Europe,Published scholarly work used for fact verification only; no content reproduced. ISBN not recorded to avoid transcription error — title/author/publisher/year given.,,,ACADEMIC_REFERENCE,LATER_SCHOLARSHIP,UNKNOWN (work-level; see scenario evidence),NOT_GEOREFERENCED,Registered in MAPGEN-008/009/009R as a scenario source; global id added additively — the scenario src_ id is UNCHANGED and remains valid.
hsrc_0f6079f5595f,ncmh_vol14_atlas_1970,"The New Cambridge Modern History, Volume XIV: Atlas","H. C. Darby & H. Fullard (eds.), Cambridge University Press",1970,1500-1900,,Europe/world,Published scholarly work used for fact verification only; no content reproduced. ISBN not recorded to avoid transcription error — title/author/publisher/year given.,,,ACADEMIC_REFERENCE,LATER_SCHOLARSHIP,UNKNOWN (work-level; see scenario evidence),NOT_GEOREFERENCED,Registered in MAPGEN-008/009/009R as a scenario source; global id added additively — the scenario src_ id is UNCHANGED and remains valid.
hsrc_44870d6324f1,wilson_holy_roman_empire_2016,The Holy Roman Empire: A Thousand Years of Europe's History,"Peter H. Wilson, Allen Lane / Penguin",2016,800-1806,,Holy Roman Empire,Published scholarly work used for fact verification only; no content reproduced. ISBN not recorded to avoid transcription error — title/author/publisher/year given.,,,ACADEMIC_REFERENCE,LATER_SCHOLARSHIP,UNKNOWN (work-level; see scenario evidence),NOT_GEOREFERENCED,Registered in MAPGEN-008/009/009R as a scenario source; global id added additively — the scenario src_ id is UNCHANGED and remains valid.
hsrc_9edbd1f1cda2,clark_iron_kingdom_2006,Iron Kingdom: The Rise and Downfall of Prussia 1600-1947,"Christopher Clark, Allen Lane",2006,1600-1947,,Brandenburg-Prussia,Published scholarly work used for fact verification only; no content reproduced. ISBN not recorded to avoid transcription error — title/author/publisher/year given.,,,ACADEMIC_REFERENCE,LATER_SCHOLARSHIP,UNKNOWN (work-level; see scenario evidence),NOT_GEOREFERENCED,Registered in MAPGEN-008/009/009R as a scenario source; global id added additively — the scenario src_ id is UNCHANGED and remains valid.
hsrc_3ec4af7d2beb,ingrao_habsburg_monarchy_2000,The Habsburg Monarchy 1618-1815 (2nd ed.),"Charles W. Ingrao, Cambridge University Press",2000,1618-1815,,Habsburg lands,Published scholarly work used for fact verification only; no content reproduced. ISBN not recorded to avoid transcription error — title/author/publisher/year given.,,,ACADEMIC_REFERENCE,LATER_SCHOLARSHIP,UNKNOWN (work-level; see scenario evidence),NOT_GEOREFERENCED,Registered in MAPGEN-008/009/009R as a scenario source; global id added additively — the scenario src_ id is UNCHANGED and remains valid.
hsrc_b00eeeb2241f,szabo_seven_years_war_2008,The Seven Years War in Europe 1756-1763,"Franz A. J. Szabo, Pearson Longman",2008,1756-1763,,Europe,Published scholarly work used for fact verification only; no content reproduced. ISBN not recorded to avoid transcription error — title/author/publisher/year given.,,,ACADEMIC_REFERENCE,LATER_SCHOLARSHIP,UNKNOWN (work-level; see scenario evidence),NOT_GEOREFERENCED,Registered in MAPGEN-008/009/009R as a scenario source; global id added additively — the scenario src_ id is UNCHANGED and remains valid.
hsrc_51d14db90c7a,duursma_microstates_1996,Fragmentation and the International Relations of Micro-States: Self-determination and Statehood,"Jorri Duursma, Cambridge University Press",1996,medieval-20th century (per-state case studies),,"European microstates (Liechtenstein, San Marino, Monaco, Andorra, Vatican)",Published scholarly work used for fact verification only; ISBN not recorded to avoid transcription error.,,,ACADEMIC_REFERENCE,LATER_SCHOLARSHIP,UNKNOWN (work-level; see scenario evidence),NOT_GEOREFERENCED,Registered in MAPGEN-008/009/009R as a scenario source; global id added additively — the scenario src_ id is UNCHANGED and remains valid.
hsrc_bc79a3f9c7ae,thrasher_paoli_1970,Pasquale Paoli: An Enlightened Hero 1725-1807,"Peter Adam Thrasher, Constable",1970,1725-1807,,Corsica,Published scholarly work used for fact verification only; ISBN not recorded to avoid transcription error.,,,ACADEMIC_REFERENCE,LATER_SCHOLARSHIP,UNKNOWN (work-level; see scenario evidence),NOT_GEOREFERENCED,Registered in MAPGEN-008/009/009R as a scenario source; global id added additively — the scenario src_ id is UNCHANGED and remains valid.
hsrc_a7b98e38fa2a,wikimedia_europe_1748_1766_map,Europe 1748-1766 (Wikimedia Commons reconstruction map),Wikimedia Commons contributors,modern upload,1748-1766,,Europe,Licence to be verified before any geometry acquisition; nothing downloaded or redistributed here.,,,VISUAL_QA_ONLY,LATER_RECONSTRUCTION,UNKNOWN (catalogue-stage; sheet/layer locators recorded at acquisition),UNKNOWN,Secondary informal reconstruction with known gaps. Usable for period sanity checks and visual QA ONLY — NEVER a boundary authority on its own.
hsrc_81cf823f3ab5,eth_hre_spatio_temporal_dataset,Spatio-temporal data on territories of the Holy Roman Empire (ETH Zurich dataset),ETH Zurich,2020s publication,16th century,,Holy Roman Empire,Licence to be verified before any geometry acquisition; nothing downloaded or redistributed here.,,,METHODOLOGY_REFERENCE,LATER_SCHOLARSHIP,UNKNOWN (catalogue-stage; sheet/layer locators recorded at acquisition),UNKNOWN,SIXTEENTH-century dataset: FORBIDDEN as 1756 geometry authority. Retained purely as a methodology/schema reference for territorial digitisation.
hsrc_7fe408029661,historical_atlas_low_countries,"Historical Atlas of the Low Countries (1350-1800), IISH Dataverse dataset, VERSION 15.0","Rombert Stapel, International Institute of Social History (IISH)",2026-01-01 (v15.0 release),"published cross-section: 1500 ONLY (1350/1650/1800 planned upstream, NOT yet published)",,Low Countries,CC BY-SA 4.0 (verified via Dataverse API); redistribution permitted with attribution + share-alike; raw copy kept out of git by data/raw policy,https://hdl.handle.net/10622/PGFYTM,data/raw/historical_atlas_low_countries/,BOUNDARY_AUTHORITY_CANDIDATE,LATER_SCHOLARSHIP,dataset hdl:10622/PGFYTM v15.0; layer 'HALC 1500'; data paper DOI 10.1163/24523666-bja10033,GEOREFERENCED,"ACQUIRED AND VERIFIED (MAPGEN-011, download 2026-08-11 UTC). 14,863 locality polygons, EPSG:4326, ADM0..ADM9 hierarchy + jurisdiction fields FOR THE 1500 STATE. Files+SHA256: HALC_1500.gpkg=feb6dfc8267e; HALC_Codebook.xlsx=2e499bffda83; HALC_Localities.gpkg=2bb0d0343c75; HALC_Unidentified.gpkg=f86601ea562a; HALC_Unidentified_Localities.gpkg=488e978ad090. VERDICT for 1756: superb geometric substrate and future locality-level base, but publishes NO 1650/1800/1756 geometry and NO 1756 sovereignty attributes -> cannot serve as 1756 boundary authority on its own (date mismatch 1500 vs 1756; major border changes 1579-1715: Dutch Revolt, 1648 Generality Lands, French annexations, 1713/1715 transfers)."
hsrc_fc0b4f804539,cassini_carte_de_france,"Carte de Cassini (Carte generale de la France, 18th c. survey)",Cassini de Thury et al.,1750s-1780s sheets,as-surveyed 18th-century France,,France,Licence to be verified before any geometry acquisition; nothing downloaded or redistributed here.,,,TOPOGRAPHIC_GEOREFERENCE_ONLY,CONTEMPORARY_MAP,UNKNOWN (catalogue-stage; sheet/layer locators recorded at acquisition),UNKNOWN,Contemporary topographic survey: excellent georeference/place authority; carries NO political-sovereignty authority by itself.
hsrc_14e8e96b532a,ferraris_carte_de_cabinet,"Carte de Cabinet des Pays-Bas autrichiens (Ferraris, 1771-1778)",Joseph de Ferraris / KBR (Royal Library of Belgium),1771-1778 survey,as-surveyed 1770s Austrian Netherlands,,Austrian Netherlands + Liege,Licence verification pending at acquisition time; nothing downloaded or redistributed yet.,,,TOPOGRAPHIC_GEOREFERENCE_ONLY,CONTEMPORARY_MAP,UNKNOWN (catalogue stage),UNKNOWN,"Near-contemporary (15-20y after snapshot) topographic survey, georeferenced scans published by KBR/Cartesius. Excellent georeference + some territorial annotations, but 1770s not 1756 and topography is not sovereignty authority."
hsrc_b14d70b69dc9,fricx_carte_des_pays_bas,"Carte des Pays-Bas et des frontieres de France (Eugene-Henri Fricx, 1704-1712)","Eugene-Henri Fricx, Brussels",1704-1712,early-18th-century Low Countries,,Low Countries / French frontier,Licence verification pending at acquisition time; nothing downloaded or redistributed yet.,,,TOPOGRAPHIC_GEOREFERENCE_ONLY,CONTEMPORARY_MAP,UNKNOWN (catalogue stage),UNKNOWN,"Contemporary map predating 1713/1715 territorial settlements; usable as georeference/QA only, and only with the post-1713 changes documented separately."
hsrc_1e8a25b41e19,nlgis_boonstra_1812,NLGis / Dutch municipal boundaries from 1812 (Boonstra),Onno Boonstra / DANS-IISH,modern dataset,1812 onwards (Napoleonic municipalities),,Netherlands,Licence verification pending at acquisition time; nothing downloaded or redistributed yet.,,,METHODOLOGY_REFERENCE,LATER_SCHOLARSHIP,UNKNOWN (catalogue stage),UNKNOWN,Starts 1812 — post-revolutionary reorganisation; DATE_MISMATCH for 1756 and the 1795-1812 upheaval breaks continuity arguments.
hsrc_34735c52ef0d,vaugondy_1756_haute_saxe_bnf,"Partie meridionale du cercle de Haute Saxe ou sont le duche de Saxe, le marquisat de Misnie, le landgraviat de Thuringe et autres etats et principautes","Gilles Robert de Vaugondy (1688-1766), geographe ordinaire du Roi; held by the Bibliotheque nationale de France",1756 (imprint 'Avec Privilege 1756'),"1756 political state of the southern Upper Saxon Circle (contemporary map, not a reissue of an older plate: the cartouche dates the privilege to 1756)","graticule-derived ~1:600,000 (1 deg of longitude at 51N = 1320 px = 70.1 km => 52.9 m/px at 300 dpi-class scan)","Upper Saxon Circle (southern part): Meissen, Thuringia, Saxon duchies, adjacent Bohemia and Brandenburg fringes",Public domain (BnF/Gallica original; Commons PD-France + PD-US-expired). Raw raster kept out of git by data/raw policy.,https://commons.wikimedia.org/wiki/File:Partie_m%C3%A9ridionale_du_cercle_de_Haute_Saxe_...-_btv1b530412497.jpg (BnF ark btv1b530412497),data/raw/historical_maps/vaugondy_1756/vaugondy_1756_haute_saxe_btv1b530412497.jpg,BOUNDARY_AUTHORITY_CANDIDATE,CONTEMPORARY_MAP,BnF ark btv1b530412497; whole sheet; title cartouche and the MARQUISAT DE MISNIE wash bloc,GEOREFERENCED,"ACQUIRED AND VERIFIED (MAPGEN-012, 2026-08-12): 7865x6017 px, sha256 022986c4969242da..., prime meridian FERRO (20 deg west of Paris) confirmed empirically against Dresden. Hand-coloured political outlines are the shape authority; the sheet's own graticule is the georeference authority."
hsrc_2c9c85d8d538,utrecht_1756_seat_of_war_saxony_map,"A new and accurate map of Saxony, part of Brandenburg, Silesia, Poland and Bohemia: exhibiting the present seat of war between the Prussians and Austrians",printed for J. Hinton (London); held by Utrecht University Library,1756,1756 theatre of war,,"Saxony, Brandenburg, Silesia, Bohemia","NOT VERIFIED — the repository record's DC.rights field contains a place name ('[London]'), so no reuse condition could be established; nothing was downloaded.",https://dbc.library.uu.nl/handle/20.500.14918/430596,,BOUNDARY_AUTHORITY_CANDIDATE,CONTEMPORARY_MAP,"Utrecht UB identifier 028879, handle 20.500.14918/430596",UNKNOWN,"Record verified to exist (TIFF, Utrecht UB, 1756). Intended as independent corroboration of the Saxony/Brandenburg/Bohemia boundaries; NOT acquired in this run because the licence could not be verified."
