promotion_id,scenario_id,source_stage,source_commit_sha,candidate_artifact,candidate_sha256,review_status,promotion_status,promoted_utc,promoted_row_count,controlled_count,unresolved_count,supersedes_promotion_id,notes
promo_004cd3264a32,seven_years_war_1756_08_01,MAPGEN-012,1793ea1786d6c4796d1cb0349387a5046b2358fc,reviews/MAPGEN-012/pilot_territorial_control.csv,b9ed0fac370914cfe3172e6bd04d1ce13ad264282844341f3feb03845b4d1b21,REVIEWED,SUPERSEDED,2026-08-13,1426,1096,330,,"reviewed MAPGEN-012 pilot candidate, promoted unchanged at its own 2.975 km positional uncertainty; MAPGEN-013 re-measured the same sheet at 9.168 km, and re-classifying these rows is logged as a follow-up rather than applied silently | SUPERSEDED by promo_115617644595: re-measured at the source's own positional uncertainty (9.168 km, four independent settlement checks); no independent second source corroborates the Saxon core, so the conservative model is applied to canonical authority instead of keeping the stale 2.975 km rows"
promo_8c8ef6ab77f1,seven_years_war_1756_08_01,MAPGEN-013,WORKING_TREE,central_europe_1756_expand_20260813/staged_territorial_control_mapgen013.csv,7aa8e7780df76b4fe6ab9d8cecd150ead2835463c84f329bbe9b9143f5b83eef,REVIEWED,PROMOTED,2026-08-13,185,0,185,,"new multi-polity production (Saxe-Weimar, Schwarzburg) at the re-measured 9.168 km uncertainty"
promo_115617644595,seven_years_war_1756_08_01,MAPGEN-014,5eff1643982ccc8954dbeced216f7ed71053c9dd,reviews/MAPGEN-014/revised_territorial_control_mapgen014.csv,f66682f837d2cbbe9846b0f31af9da14dc85c8007c07f94e1c43a2f58c9c4ebf,REVIEWED,PROMOTED,2026-08-13,1522,695,827,promo_004cd3264a32,"re-measured at the source's own positional uncertainty (9.168 km, four independent settlement checks); no independent second source corroborates the Saxon core, so the conservative model is applied to canonical authority instead of keeping the stale 2.975 km rows"
promo_fe3128a89c63,seven_years_war_1756_08_01,MAPGEN-021,aaca77371a20f7720f3913dd111fbc2f4b78b893,reviews/MAPGEN-021/staged_territorial_control_mapgen021.csv,d658e26340468a0f3efb2507a5550845aeae86a5a9c135b502346f0fac7f1770,REVIEWED,PROMOTED,2026-08-15,27964,27830,134,,"British Isles coast-bounded production: Great Britain and Ireland main landmasses, authorised by statute and shaped by the canonical coastline. Offshore components excluded."
promo_dfcc2cea1d42,seven_years_war_1756_08_01,MAPGEN-022,9ad43bf966469109563d4823144146149a027726,reviews/MAPGEN-022/staged_territorial_control_mapgen022.csv,2873e5ef59b355f450b7cd9afbe2a033c71a17065eb73b16f98172e95833048d,REVIEWED,PROMOTED,2026-08-15,2615,2613,2,,"Mediterranean coast-bounded production: Sicily and Sardinia main landmasses, authorised by treaty and archival record, shaped by the canonical coastline. Offshore excluded."
promo_4d4017e99c5b,seven_years_war_1756_08_01,MAPGEN-023,3f2208221c1005151f9fe4c215b6bc8d94d52fd9,reviews/MAPGEN-023/staged_territorial_control_mapgen023.csv,aa55b8606d00369338eeeae76fd7ebb369f9b0c8d114b5a8b43232d90cc140f1,REVIEWED,PROMOTED,2026-08-15,18372,18356,16,,"Coast-bounded production batch: Iceland main island under Denmark-Norway, Malta and Gozo under the Order of Saint John. Faroes, Vestmannaeyjar and Comino excluded on audited grounds."
promo_b15ad5b37235,seven_years_war_1756_08_01,MAPGEN-025,d78127dc3c3255133b009d5aacee58026d30290d,reviews/MAPGEN-025/staged_territorial_control_mapgen025.csv,2598021443d37845f7bb0dfb77bf1bd2a6e48a6d166e85cdc9964a67cefa8fe4,REVIEWED,PROMOTED,2026-08-15,3014,3014,0,,LAND_FRAGMENT recovery of the coastal land measured by MAPGEN-024: the land inside OCEAN-majority hexes that belongs to an already authorised landmass. No new historical authority; no TERRESTRIAL_HEX row changed.
promo_7c95358cf0a4,seven_years_war_1756_08_01,MAPGEN-026,da8d78736964043e5fd3363ed99782be5ef4a7b7,reviews/MAPGEN-026/staged_territorial_control_mapgen026.csv,2456c51dbdf19b11d2e2a5b8227711d8d2b848622e924298f8105eb4cfe59c9d,REVIEWED,SUPERSEDED,2026-08-16,22050,5457,16593,,"Iberian mainland safe interiors from the Le Rouge 1756 plate: the ground that stays inside one crown's traced provinces after the georeference's own p95 blind error of 34.6 km is allowed for. Gibraltar, Andorra, Llivia, Olivenza, the Couto Misto, Ceuta and the Algarve are withheld by name. | SUPERSEDED by promo_c1d69cca569e: Portugal safe interior v2: the Algarve joins on institutional evidence and the unowned strips between Portugal's own cells are bridged where no cell of another crown lies in the corridor. Spain is unchanged."
promo_c1d69cca569e,seven_years_war_1756_08_01,MAPGEN-027,87fe418bbb1a4ad66c6bdc0d2dc7e645dfd12435,reviews/MAPGEN-027/staged_territorial_control_mapgen027.csv,236f5f1cabbfcffe1d18d034b319b91635d5166c6cb3b01d37fa235e3d9d8b6f,REVIEWED,PROMOTED,2026-08-16,22997,5563,17434,,MAPGEN-027 Portugal mainland recovery and Iberian LAND_FRAGMENT completion.
