run_id,region,overlay_unit_id,hex_id,intersection_area_km2,is_primary
geography_v1_3_islands_006r_20260809,kanto,isl_u_b100730b47eb,h6000_q+002179_r+000803,0.01046,False
geography_v1_3_islands_006r_20260809,kanto,isl_u_b100730b47eb,h6000_q+002179_r+000804,0.004655,False
geography_v1_3_islands_006r_20260809,kanto,isl_u_b100730b47eb,h6000_q+002179_r+000805,0.022522,False
geography_v1_3_islands_006r_20260809,kanto,isl_u_b100730b47eb,h6000_q+002179_r+000806,0.001631,False
geography_v1_3_islands_006r_20260809,kanto,isl_u_b100730b47eb,h6000_q+002180_r+000802,0.001155,False
geography_v1_3_islands_006r_20260809,kanto,isl_u_b100730b47eb,h6000_q+002181_r+000802,0.770891,True
geography_v1_3_islands_006r_20260809,kanto,isl_u_3ed4b031ff70,h6000_q+002186_r+000810,0.917487,True
geography_v1_3_islands_006r_20260809,kanto,isl_u_3ed4b031ff70,h6000_q+002187_r+000809,0.104451,False
geography_v1_3_islands_006r_20260809,kanto,isl_u_3ed4b031ff70,h6000_q+002188_r+000809,0.000297,False
geography_v1_3_islands_006r_20260809,kanto,isl_u_3ed4b031ff70,h6000_q+002189_r+000807,0.012672,False
geography_v1_3_islands_006r_20260809,kanto,isl_u_3ed4b031ff70,h6000_q+002189_r+000808,0.011138,False
geography_v1_3_islands_006r_20260809,kanto,isl_u_e2a34f4845b3,h6000_q+002185_r+000808,0.064201,False
geography_v1_3_islands_006r_20260809,kanto,isl_u_e2a34f4845b3,h6000_q+002186_r+000807,0.013793,False
geography_v1_3_islands_006r_20260809,kanto,isl_u_e2a34f4845b3,h6000_q+002187_r+000806,0.02908,False
geography_v1_3_islands_006r_20260809,kanto,isl_u_e2a34f4845b3,h6000_q+002188_r+000805,1.354228,True
geography_v1_3_islands_006r_20260809,kanto,isl_u_e2a34f4845b3,h6000_q+002189_r+000805,0.0518,False
geography_v1_3_islands_006r_20260809,kanto,isl_u_14766893dbd1,h6000_q+002185_r+000813,1.557669,True
geography_v1_3_islands_006r_20260809,kanto,isl_u_14766893dbd1,h6000_q+002186_r+000811,0.003609,False
geography_v1_3_islands_006r_20260809,kanto,isl_u_14766893dbd1,h6000_q+002186_r+000813,0.000156,False
geography_v1_3_islands_006r_20260809,kanto,isl_u_6cb1f86ddfbc,h6000_q+002185_r+000817,3.499237,False
geography_v1_3_islands_006r_20260809,kanto,isl_u_6cb1f86ddfbc,h6000_q+002186_r+000816,0.345937,False
geography_v1_3_islands_006r_20260809,kanto,isl_u_6cb1f86ddfbc,h6000_q+002186_r+000817,4.527837,True
geography_v1_3_islands_006r_20260809,kanto,isl_u_67b0fe21a344,h6000_q+002189_r+000789,1.677765,False
geography_v1_3_islands_006r_20260809,kanto,isl_u_67b0fe21a344,h6000_q+002190_r+000788,0.590326,False
geography_v1_3_islands_006r_20260809,kanto,isl_u_67b0fe21a344,h6000_q+002190_r+000789,4.217612,True
geography_v1_3_islands_006r_20260809,kanto,isl_u_67b0fe21a344,h6000_q+002191_r+000787,0.265964,False
geography_v1_3_islands_006r_20260809,wake,isl_u_3c53868a4ba5,h6000_q+002880_r+000422,1.327233,False
geography_v1_3_islands_006r_20260809,wake,isl_u_3c53868a4ba5,h6000_q+002881_r+000421,5.027563,True
geography_v1_3_islands_006r_20260809,wake,isl_u_3c53868a4ba5,h6000_q+002881_r+000422,1.777265,False
geography_v1_3_islands_006r_20260809,wake,isl_u_3c53868a4ba5,h6000_q+002882_r+000421,0.047399,False
geography_v1_3_islands_006r_20260809,midway,isl_u_533f3771eb94,h6000_q-003606_r+000630,5.641006,True
geography_v1_3_islands_006r_20260809,midway,isl_u_533f3771eb94,h6000_q-003606_r+000631,0.19159,False
geography_v1_3_islands_006r_20260809,midway,isl_u_533f3771eb94,h6000_q-003605_r+000630,1.803707,False
geography_v1_3_islands_006r_20260809,malta,isl_u_d1d60d2d0031,h6000_q-000150_r+000830,0.000274,False
geography_v1_3_islands_006r_20260809,malta,isl_u_d1d60d2d0031,h6000_q-000149_r+000828,0.001753,False
geography_v1_3_islands_006r_20260809,malta,isl_u_d1d60d2d0031,h6000_q-000148_r+000828,4.444116,True
geography_v1_3_islands_006r_20260809,malta,isl_u_d1d60d2d0031,h6000_q-000146_r+000827,0.158595,False
geography_v1_3_islands_006r_20260809,litla_dimun,isl_u_9b40909e69f8,h6000_q-000975_r+001695,3.693802,False
geography_v1_3_islands_006r_20260809,litla_dimun,isl_u_9b40909e69f8,h6000_q-000974_r+001694,14.72627,True
geography_v1_3_islands_006r_20260809,litla_dimun,isl_u_9b40909e69f8,h6000_q-000974_r+001695,13.455845,False
geography_v1_3_islands_006r_20260809,litla_dimun,isl_u_9b40909e69f8,h6000_q-000973_r+001693,1.308712,False
geography_v1_3_islands_006r_20260809,litla_dimun,isl_u_9b40909e69f8,h6000_q-000973_r+001694,12.097763,False
geography_v1_3_islands_006r_20260809,litla_dimun,isl_u_9b40909e69f8,h6000_q-000971_r+001691,11.567653,False
geography_v1_3_islands_006r_20260809,litla_dimun,isl_u_9b40909e69f8,h6000_q-000970_r+001690,0.391088,False
geography_v1_3_islands_006r_20260809,litla_dimun,isl_u_9b40909e69f8,h6000_q-000969_r+001688,1.270372,False
geography_v1_3_islands_006r_20260809,litla_dimun,isl_u_9b40909e69f8,h6000_q-000969_r+001689,0.709678,False
geography_v1_3_islands_006r_20260809,litla_dimun,isl_u_9b40909e69f8,h6000_q-000968_r+001688,1.652556,False
geography_v1_3_islands_006r_20260809,bikini,isl_u_3a56830d9ac7,h6000_q+002945_r+000251,0.016719,False
geography_v1_3_islands_006r_20260809,bikini,isl_u_3a56830d9ac7,h6000_q+002946_r+000250,0.033578,False
geography_v1_3_islands_006r_20260809,bikini,isl_u_3a56830d9ac7,h6000_q+002946_r+000251,2.432393,True
geography_v1_3_islands_006r_20260809,bikini,isl_u_3a56830d9ac7,h6000_q+002947_r+000249,0.855531,False
geography_v1_3_islands_006r_20260809,bikini,isl_u_3a56830d9ac7,h6000_q+002947_r+000250,0.274404,False
geography_v1_3_islands_006r_20260809,bikini,isl_u_3a56830d9ac7,h6000_q+002948_r+000248,0.48632,False
geography_v1_3_islands_006r_20260809,bikini,isl_u_fd56b5787f2d,h6000_q+002944_r+000248,1.24298,True
geography_v1_3_islands_006r_20260809,bikini,isl_u_fd56b5787f2d,h6000_q+002945_r+000248,0.52127,False
geography_v1_3_islands_006r_20260809,bikini,isl_u_bf82309fc3f1,h6000_q+002940_r+000252,0.051608,False
geography_v1_3_islands_006r_20260809,bikini,isl_u_bf82309fc3f1,h6000_q+002940_r+000253,0.31036,False
geography_v1_3_islands_006r_20260809,bikini,isl_u_bf82309fc3f1,h6000_q+002941_r+000252,0.238672,False
geography_v1_3_islands_006r_20260809,bikini,isl_u_bf82309fc3f1,h6000_q+002942_r+000252,0.04638,False
geography_v1_3_islands_006r_20260809,bikini,isl_u_bf82309fc3f1,h6000_q+002943_r+000252,0.648549,True
geography_v1_3_islands_006r_20260809,aegean,isl_u_e1e9127a6dd2,h6000_q+000035_r+000865,2.369981,False
geography_v1_3_islands_006r_20260809,aegean,isl_u_e1e9127a6dd2,h6000_q+000035_r+000866,9.228134,False
geography_v1_3_islands_006r_20260809,aegean,isl_u_e1e9127a6dd2,h6000_q+000036_r+000864,2.521564,False
geography_v1_3_islands_006r_20260809,aegean,isl_u_e1e9127a6dd2,h6000_q+000036_r+000865,13.102822,True
geography_v1_3_islands_006r_20260809,aegean,isl_u_e1e9127a6dd2,h6000_q+000036_r+000866,0.119567,False
geography_v1_3_islands_006r_20260809,aegean,isl_u_e1e9127a6dd2,h6000_q+000037_r+000864,1.00571,False
geography_v1_3_islands_006r_20260809,aegean,isl_u_e1e9127a6dd2,h6000_q+000037_r+000865,0.157152,False
geography_v1_3_islands_006r_20260809,aegean,isl_u_e1e9127a6dd2,h6000_q+000038_r+000865,0.004866,False
geography_v1_3_islands_006r_20260809,aegean,isl_u_3accd69dbf0b,h6000_q+000036_r+000867,0.006364,False
geography_v1_3_islands_006r_20260809,aegean,isl_u_3accd69dbf0b,h6000_q+000036_r+000868,0.001945,False
geography_v1_3_islands_006r_20260809,aegean,isl_u_3accd69dbf0b,h6000_q+000039_r+000866,0.001038,False
geography_v1_3_islands_006r_20260809,aegean,isl_u_3accd69dbf0b,h6000_q+000039_r+000867,0.389371,False
geography_v1_3_islands_006r_20260809,aegean,isl_u_3accd69dbf0b,h6000_q+000040_r+000866,1.8308,True
geography_v1_3_islands_006r_20260809,aegean,isl_u_4080fb3eac60,h6000_q+000028_r+000866,2.7e-05,False
geography_v1_3_islands_006r_20260809,aegean,isl_u_4080fb3eac60,h6000_q+000028_r+000867,0.043099,False
geography_v1_3_islands_006r_20260809,aegean,isl_u_4080fb3eac60,h6000_q+000028_r+000868,0.002088,False
geography_v1_3_islands_006r_20260809,aegean,isl_u_4080fb3eac60,h6000_q+000029_r+000868,0.00053,False
geography_v1_3_islands_006r_20260809,aegean,isl_u_4080fb3eac60,h6000_q+000030_r+000866,0.766209,True
geography_v1_3_islands_006r_20260809,aegean,isl_u_4080fb3eac60,h6000_q+000031_r+000865,0.182218,False
geography_v1_3_islands_006r_20260809,aegean,isl_u_4080fb3eac60,h6000_q+000031_r+000866,0.085647,False
geography_v1_3_islands_006r_20260809,caribbean,isl_u_63172ce44925,h6000_q-001405_r+000399,0.001624,False
geography_v1_3_islands_006r_20260809,caribbean,isl_u_63172ce44925,h6000_q-001404_r+000399,0.010198,False
geography_v1_3_islands_006r_20260809,caribbean,isl_u_63172ce44925,h6000_q-001403_r+000398,0.296029,False
geography_v1_3_islands_006r_20260809,caribbean,isl_u_63172ce44925,h6000_q-001403_r+000399,0.517283,False
geography_v1_3_islands_006r_20260809,caribbean,isl_u_63172ce44925,h6000_q-001402_r+000399,1.109737,True
geography_v1_3_islands_006r_20260809,caribbean,isl_u_a5eb2d4b5882,h6000_q-001404_r+000402,1.379289,False
geography_v1_3_islands_006r_20260809,caribbean,isl_u_a5eb2d4b5882,h6000_q-001403_r+000402,1.696956,False
geography_v1_3_islands_006r_20260809,caribbean,isl_u_a5eb2d4b5882,h6000_q-001403_r+000403,0.204311,False
geography_v1_3_islands_006r_20260809,caribbean,isl_u_a5eb2d4b5882,h6000_q-001402_r+000402,8.393296,True
geography_v1_3_islands_006r_20260809,caribbean,isl_u_a5eb2d4b5882,h6000_q-001402_r+000403,0.021222,False
geography_v1_3_islands_006r_20260809,caribbean,isl_u_ff3b8e01f52e,h6000_q-001399_r+000403,4.185644,True
geography_v1_3_islands_006r_20260809,caribbean,isl_u_ff3b8e01f52e,h6000_q-001398_r+000401,0.30744,False
geography_v1_3_islands_006r_20260809,caribbean,isl_u_ff3b8e01f52e,h6000_q-001398_r+000402,0.042499,False
geography_v1_3_islands_006r_20260809,caribbean,isl_u_ff3b8e01f52e,h6000_q-001398_r+000403,0.931556,False
geography_v1_3_islands_006r_20260809,caribbean,isl_u_ff3b8e01f52e,h6000_q-001397_r+000400,0.939753,False
geography_v1_3_islands_006r_20260809,caribbean,isl_u_ff3b8e01f52e,h6000_q-001397_r+000401,2.394627,False
geography_v1_3_islands_006r_20260809,caribbean,isl_u_ff3b8e01f52e,h6000_q-001397_r+000403,0.597789,False
geography_v1_3_islands_006r_20260809,caribbean,isl_u_ca14408c71fc,h6000_q-001403_r+000400,0.502758,False
geography_v1_3_islands_006r_20260809,caribbean,isl_u_ca14408c71fc,h6000_q-001403_r+000401,0.00137,False
geography_v1_3_islands_006r_20260809,caribbean,isl_u_ca14408c71fc,h6000_q-001402_r+000399,0.02292,False
geography_v1_3_islands_006r_20260809,caribbean,isl_u_ca14408c71fc,h6000_q-001402_r+000400,0.762923,False
geography_v1_3_islands_006r_20260809,caribbean,isl_u_ca14408c71fc,h6000_q-001402_r+000401,1.152539,True
geography_v1_3_islands_006r_20260809,caribbean,isl_u_ca14408c71fc,h6000_q-001401_r+000399,0.005862,False
geography_v1_3_islands_006r_20260809,caribbean,isl_u_ca14408c71fc,h6000_q-001401_r+000401,1.127766,False
geography_v1_3_islands_006r_20260809,caribbean,isl_u_8ab971ec78cc,h6000_q-001394_r+000387,0.0292,False
geography_v1_3_islands_006r_20260809,caribbean,isl_u_8ab971ec78cc,h6000_q-001393_r+000387,0.128635,False
geography_v1_3_islands_006r_20260809,caribbean,isl_u_8ab971ec78cc,h6000_q-001393_r+000388,0.140753,False
geography_v1_3_islands_006r_20260809,caribbean,isl_u_8ab971ec78cc,h6000_q-001392_r+000387,0.56186,True
geography_v1_3_islands_006r_20260809,caribbean,isl_u_5a4b302681f8,h6000_q-001408_r+000400,0.091391,False
geography_v1_3_islands_006r_20260809,caribbean,isl_u_5a4b302681f8,h6000_q-001408_r+000401,0.268163,False
geography_v1_3_islands_006r_20260809,caribbean,isl_u_5a4b302681f8,h6000_q-001407_r+000398,0.010068,False
geography_v1_3_islands_006r_20260809,caribbean,isl_u_5a4b302681f8,h6000_q-001407_r+000400,1.169522,True
geography_v1_3_islands_006r_20260809,caribbean,isl_u_5a4b302681f8,h6000_q-001407_r+000401,0.017645,False
geography_v1_3_islands_006r_20260809,caribbean,isl_u_f2f52eb040f6,h6000_q-001397_r+000402,2.203239,False
geography_v1_3_islands_006r_20260809,caribbean,isl_u_f2f52eb040f6,h6000_q-001397_r+000403,3.684777,False
geography_v1_3_islands_006r_20260809,caribbean,isl_u_f2f52eb040f6,h6000_q-001397_r+000404,1.410136,False
geography_v1_3_islands_006r_20260809,caribbean,isl_u_f2f52eb040f6,h6000_q-001396_r+000401,0.108815,False
geography_v1_3_islands_006r_20260809,caribbean,isl_u_f2f52eb040f6,h6000_q-001396_r+000402,3.063346,False
geography_v1_3_islands_006r_20260809,caribbean,isl_u_f2f52eb040f6,h6000_q-001396_r+000403,12.184094,True
geography_v1_3_islands_006r_20260809,caribbean,isl_u_f2f52eb040f6,h6000_q-001396_r+000404,1.442156,False
geography_v1_3_islands_006r_20260809,caribbean,isl_u_f2f52eb040f6,h6000_q-001395_r+000403,2.25353,False
geography_v1_3_islands_006r_20260809,caribbean,isl_u_41a0f303267e,h6000_q-001406_r+000399,0.002966,False
geography_v1_3_islands_006r_20260809,caribbean,isl_u_41a0f303267e,h6000_q-001406_r+000400,0.001862,False
geography_v1_3_islands_006r_20260809,caribbean,isl_u_41a0f303267e,h6000_q-001406_r+000401,1.093505,False
geography_v1_3_islands_006r_20260809,caribbean,isl_u_41a0f303267e,h6000_q-001405_r+000399,0.17335,False
geography_v1_3_islands_006r_20260809,caribbean,isl_u_41a0f303267e,h6000_q-001405_r+000401,2.732704,True
geography_v1_3_islands_006r_20260809,caribbean,isl_u_52de0f05e45c,h6000_q-001400_r+000399,0.067835,False
geography_v1_3_islands_006r_20260809,caribbean,isl_u_52de0f05e45c,h6000_q-001399_r+000399,0.176934,False
geography_v1_3_islands_006r_20260809,caribbean,isl_u_52de0f05e45c,h6000_q-001399_r+000400,0.762143,False
geography_v1_3_islands_006r_20260809,caribbean,isl_u_52de0f05e45c,h6000_q-001398_r+000399,2.718373,False
geography_v1_3_islands_006r_20260809,caribbean,isl_u_52de0f05e45c,h6000_q-001398_r+000400,4.294539,True
geography_v1_3_islands_006r_20260809,norway_skerries,isl_u_64bde2ce3b3e,h6000_q-000745_r+001664,3.818642,True
geography_v1_3_islands_006r_20260809,norway_skerries,isl_u_64bde2ce3b3e,h6000_q-000745_r+001665,0.92044,False
geography_v1_3_islands_006r_20260809,norway_skerries,isl_u_a7b831e214cc,h6000_q-000745_r+001665,1.746846,True
geography_v1_3_islands_006r_20260809,norway_skerries,isl_u_a7b831e214cc,h6000_q-000744_r+001664,0.39393,False
geography_v1_3_islands_006r_20260809,norway_skerries,isl_u_e871e0222683,h6000_q-000745_r+001665,6.050697,True
geography_v1_3_islands_006r_20260809,norway_skerries,isl_u_2c67b82559f6,h6000_q-000745_r+001665,1.918111,True
geography_v1_3_islands_006r_20260809,norway_skerries,isl_u_2c67b82559f6,h6000_q-000745_r+001666,0.668984,False
geography_v1_3_islands_006r_20260809,norway_skerries,isl_u_04f29a68fa1c,h6000_q-000737_r+001664,0.029505,False
geography_v1_3_islands_006r_20260809,norway_skerries,isl_u_04f29a68fa1c,h6000_q-000737_r+001666,0.016479,False
geography_v1_3_islands_006r_20260809,norway_skerries,isl_u_04f29a68fa1c,h6000_q-000736_r+001664,2.685204,True
geography_v1_3_islands_006r_20260809,norway_skerries,isl_u_ee362e0ef358,h6000_q-000749_r+001677,0.005855,False
geography_v1_3_islands_006r_20260809,norway_skerries,isl_u_ee362e0ef358,h6000_q-000748_r+001675,5.781308,False
geography_v1_3_islands_006r_20260809,norway_skerries,isl_u_ee362e0ef358,h6000_q-000748_r+001676,9.73566,True
geography_v1_3_islands_006r_20260809,norway_skerries,isl_u_ee362e0ef358,h6000_q-000748_r+001677,1.241367,False
geography_v1_3_islands_006r_20260809,norway_skerries,isl_u_ee362e0ef358,h6000_q-000747_r+001673,0.613074,False
geography_v1_3_islands_006r_20260809,norway_skerries,isl_u_ee362e0ef358,h6000_q-000747_r+001674,0.088843,False
geography_v1_3_islands_006r_20260809,norway_skerries,isl_u_ee362e0ef358,h6000_q-000747_r+001675,0.764059,False
geography_v1_3_islands_006r_20260809,norway_skerries,isl_u_ee362e0ef358,h6000_q-000747_r+001677,0.467619,False
geography_v1_3_islands_006r_20260809,norway_skerries,isl_u_ee362e0ef358,h6000_q-000746_r+001672,1.302268,False
geography_v1_3_islands_006r_20260809,norway_skerries,isl_u_ee362e0ef358,h6000_q-000746_r+001673,2.379016,False
geography_v1_3_islands_006r_20260809,norway_skerries,isl_u_ee362e0ef358,h6000_q-000746_r+001674,2.262085,False
geography_v1_3_islands_006r_20260809,norway_skerries,isl_u_ee362e0ef358,h6000_q-000746_r+001677,3.108522,False
geography_v1_3_islands_006r_20260809,norway_skerries,isl_u_ee362e0ef358,h6000_q-000745_r+001672,0.034247,False
geography_v1_3_islands_006r_20260809,norway_skerries,isl_u_ee362e0ef358,h6000_q-000745_r+001673,0.252569,False
geography_v1_3_islands_006r_20260809,norway_skerries,isl_u_ee362e0ef358,h6000_q-000745_r+001674,0.413345,False
geography_v1_3_islands_006r_20260809,norway_skerries,isl_u_ee362e0ef358,h6000_q-000744_r+001674,0.230298,False
geography_v1_3_islands_006r_20260809,norway_skerries,isl_u_ee362e0ef358,h6000_q-000744_r+001675,1.409127,False
geography_v1_3_islands_006r_20260809,norway_skerries,isl_u_ee362e0ef358,h6000_q-000743_r+001674,0.333186,False
geography_v1_3_islands_006r_20260809,norway_skerries,isl_u_c50393e88ba5,h6000_q-000745_r+001672,0.001294,False
geography_v1_3_islands_006r_20260809,norway_skerries,isl_u_c50393e88ba5,h6000_q-000744_r+001671,1.833321,False
geography_v1_3_islands_006r_20260809,norway_skerries,isl_u_c50393e88ba5,h6000_q-000744_r+001672,11.307341,True
geography_v1_3_islands_006r_20260809,norway_skerries,isl_u_c50393e88ba5,h6000_q-000744_r+001673,0.001502,False
geography_v1_3_islands_006r_20260809,norway_skerries,isl_u_c50393e88ba5,h6000_q-000743_r+001670,2.476868,False
geography_v1_3_islands_006r_20260809,norway_skerries,isl_u_c50393e88ba5,h6000_q-000743_r+001671,9.390485,False
geography_v1_3_islands_006r_20260809,norway_skerries,isl_u_c50393e88ba5,h6000_q-000742_r+001670,0.475337,False
geography_v1_3_islands_006r_20260809,norway_skerries,isl_u_c50393e88ba5,h6000_q-000741_r+001668,0.053556,False
geography_v1_3_islands_006r_20260809,norway_skerries,isl_u_c50393e88ba5,h6000_q-000740_r+001669,0.020015,False
geography_v1_3_islands_006r_20260809,norway_skerries,isl_u_c50393e88ba5,h6000_q-000739_r+001670,0.008864,False
geography_v1_3_islands_006r_20260809,norway_skerries,isl_u_db46850d79dd,h6000_q-000752_r+001673,0.201427,False
geography_v1_3_islands_006r_20260809,norway_skerries,isl_u_db46850d79dd,h6000_q-000751_r+001672,0.010547,False
geography_v1_3_islands_006r_20260809,norway_skerries,isl_u_db46850d79dd,h6000_q-000751_r+001673,8.714681,True
geography_v1_3_islands_006r_20260809,norway_skerries,isl_u_db46850d79dd,h6000_q-000751_r+001674,0.163159,False
geography_v1_3_islands_006r_20260809,norway_skerries,isl_u_db46850d79dd,h6000_q-000750_r+001672,1.250032,False
geography_v1_3_islands_006r_20260809,norway_skerries,isl_u_db46850d79dd,h6000_q-000750_r+001673,5.219344,False
geography_v1_3_islands_006r_20260809,norway_skerries,isl_u_db46850d79dd,h6000_q-000750_r+001674,0.985564,False
geography_v1_3_islands_006r_20260809,norway_skerries,isl_u_db46850d79dd,h6000_q-000750_r+001675,0.097428,False
geography_v1_3_islands_006r_20260809,norway_skerries,isl_u_db46850d79dd,h6000_q-000749_r+001672,0.073591,False
geography_v1_3_islands_006r_20260809,norway_skerries,isl_u_db46850d79dd,h6000_q-000749_r+001674,5.235639,False
geography_v1_3_islands_006r_20260809,norway_skerries,isl_u_db46850d79dd,h6000_q-000749_r+001675,5.714698,False
geography_v1_3_islands_006r_20260809,norway_skerries,isl_u_db46850d79dd,h6000_q-000748_r+001672,1.14461,False
geography_v1_3_islands_006r_20260809,norway_skerries,isl_u_db46850d79dd,h6000_q-000748_r+001673,0.678807,False
geography_v1_3_islands_006r_20260809,norway_skerries,isl_u_db46850d79dd,h6000_q-000748_r+001674,5.214087,False
geography_v1_3_islands_006r_20260809,norway_skerries,isl_u_db46850d79dd,h6000_q-000747_r+001672,1.917504,False
geography_v1_3_islands_006r_20260809,norway_skerries,isl_u_db46850d79dd,h6000_q-000746_r+001671,0.058153,False
geography_v1_3_islands_006r_20260809,norway_skerries,isl_u_db46850d79dd,h6000_q-000746_r+001672,0.235583,False
geography_v1_3_islands_006r_20260809,norway_skerries,isl_u_db46850d79dd,h6000_q-000745_r+001671,0.15971,False
geography_v1_3_islands_006r_20260809,norway_skerries,isl_u_3dac61f6af84,h6000_q-000738_r+001658,4.475203,True
geography_v1_3_islands_006r_20260809,norway_skerries,isl_u_c0b017082e3a,h6000_q-000740_r+001658,4.047037,True
geography_v1_3_islands_006r_20260809,norway_skerries,isl_u_c0b017082e3a,h6000_q-000739_r+001658,0.455973,False
geography_v1_3_islands_006r_20260809,norway_skerries,isl_u_2e42026814cf,h6000_q-000739_r+001659,0.924365,False
geography_v1_3_islands_006r_20260809,norway_skerries,isl_u_2e42026814cf,h6000_q-000738_r+001659,1.369429,True
geography_v1_3_islands_006r_20260809,norway_skerries,isl_u_efba321bdca3,h6000_q-000739_r+001658,2.670324,True
geography_v1_3_islands_006r_20260809,norway_skerries,isl_u_efba321bdca3,h6000_q-000739_r+001659,0.000177,False
geography_v1_3_islands_006r_20260809,norway_skerries,isl_u_efba321bdca3,h6000_q-000738_r+001658,0.280943,False
geography_v1_3_islands_006r_20260809,norway_skerries,isl_u_dba79fb0595b,h6000_q-000740_r+001659,9.238784,True
geography_v1_3_islands_006r_20260809,norway_skerries,isl_u_dba79fb0595b,h6000_q-000740_r+001660,4.073706,False
geography_v1_3_islands_006r_20260809,norway_skerries,isl_u_dba79fb0595b,h6000_q-000739_r+001659,1.974633,False
geography_v1_3_islands_006r_20260809,norway_skerries,isl_u_b4daafc53619,h6000_q-000737_r+001658,2.187651,True
geography_v1_3_islands_006r_20260809,norway_skerries,isl_u_f2297a5ff785,h6000_q-000738_r+001658,0.000753,False
geography_v1_3_islands_006r_20260809,norway_skerries,isl_u_f2297a5ff785,h6000_q-000738_r+001659,2.0037,False
geography_v1_3_islands_006r_20260809,norway_skerries,isl_u_f2297a5ff785,h6000_q-000737_r+001658,10.820299,True
geography_v1_3_islands_006r_20260809,norway_skerries,isl_u_1c226c82ed33,h6000_q-000739_r+001658,1.790567,False
geography_v1_3_islands_006r_20260809,norway_skerries,isl_u_1c226c82ed33,h6000_q-000738_r+001657,4.059072,True
geography_v1_3_islands_006r_20260809,norway_skerries,isl_u_808807b43c61,h6000_q-000738_r+001657,2.175672,True
geography_v1_3_islands_006r_20260809,norway_skerries,isl_u_fc5b0b5ad6f2,h6000_q-000748_r+001668,0.18054,False
geography_v1_3_islands_006r_20260809,norway_skerries,isl_u_fc5b0b5ad6f2,h6000_q-000748_r+001669,0.014576,False
geography_v1_3_islands_006r_20260809,norway_skerries,isl_u_fc5b0b5ad6f2,h6000_q-000747_r+001667,0.549974,False
geography_v1_3_islands_006r_20260809,norway_skerries,isl_u_fc5b0b5ad6f2,h6000_q-000747_r+001668,2.518389,False
geography_v1_3_islands_006r_20260809,norway_skerries,isl_u_fc5b0b5ad6f2,h6000_q-000747_r+001669,1.350544,False
geography_v1_3_islands_006r_20260809,norway_skerries,isl_u_fc5b0b5ad6f2,h6000_q-000747_r+001670,8.859714,False
geography_v1_3_islands_006r_20260809,norway_skerries,isl_u_fc5b0b5ad6f2,h6000_q-000746_r+001667,0.929776,False
geography_v1_3_islands_006r_20260809,norway_skerries,isl_u_fc5b0b5ad6f2,h6000_q-000746_r+001668,0.000321,False
geography_v1_3_islands_006r_20260809,norway_skerries,isl_u_fc5b0b5ad6f2,h6000_q-000746_r+001669,15.487912,True
geography_v1_3_islands_006r_20260809,norway_skerries,isl_u_fc5b0b5ad6f2,h6000_q-000746_r+001670,1.137509,False
geography_v1_3_islands_006r_20260809,norway_skerries,isl_u_fc5b0b5ad6f2,h6000_q-000745_r+001668,0.966375,False
geography_v1_3_islands_006r_20260809,norway_skerries,isl_u_fc5b0b5ad6f2,h6000_q-000745_r+001669,10.995701,False
geography_v1_3_islands_006r_20260809,norway_skerries,isl_u_fc5b0b5ad6f2,h6000_q-000745_r+001670,4.525078,False
geography_v1_3_islands_006r_20260809,norway_skerries,isl_u_fc5b0b5ad6f2,h6000_q-000744_r+001668,0.502718,False
geography_v1_3_islands_006r_20260809,norway_skerries,isl_u_fc5b0b5ad6f2,h6000_q-000744_r+001670,1.031369,False
geography_v1_3_islands_006r_20260809,norway_skerries,isl_u_fc5b0b5ad6f2,h6000_q-000743_r+001669,0.290746,False
geography_v1_3_islands_006r_20260809,fiji_dateline,isl_u_df7f3e9203a4,h6000_q-003145_r-000376,0.120586,False
geography_v1_3_islands_006r_20260809,fiji_dateline,isl_u_df7f3e9203a4,h6000_q-003144_r-000376,0.127216,False
geography_v1_3_islands_006r_20260809,fiji_dateline,isl_u_df7f3e9203a4,h6000_q-003144_r-000375,0.567515,False
geography_v1_3_islands_006r_20260809,fiji_dateline,isl_u_df7f3e9203a4,h6000_q-003143_r-000376,3.397156,False
geography_v1_3_islands_006r_20260809,fiji_dateline,isl_u_df7f3e9203a4,h6000_q-003143_r-000375,6.257138,True
geography_v1_3_islands_006r_20260809,fiji_dateline,isl_u_df7f3e9203a4,h6000_q-003142_r-000376,0.879951,False
geography_v1_3_islands_006r_20260809,fiji_dateline,isl_u_e70524440aa8,h6000_q-003154_r-000364,2.865825,False
geography_v1_3_islands_006r_20260809,fiji_dateline,isl_u_e70524440aa8,h6000_q-003153_r-000365,15.425528,True
geography_v1_3_islands_006r_20260809,fiji_dateline,isl_u_e70524440aa8,h6000_q-003153_r-000364,13.349682,False
geography_v1_3_islands_006r_20260809,fiji_dateline,isl_u_e70524440aa8,h6000_q-003153_r-000363,0.019742,False
geography_v1_3_islands_006r_20260809,fiji_dateline,isl_u_e70524440aa8,h6000_q-003152_r-000365,4.678474,False
geography_v1_3_islands_006r_20260809,fiji_dateline,isl_u_e70524440aa8,h6000_q-003152_r-000364,12.183683,False
geography_v1_3_islands_006r_20260809,fiji_dateline,isl_u_e70524440aa8,h6000_q-003151_r-000365,3.466616,False
geography_v1_3_islands_006r_20260809,fiji_dateline,isl_u_e70524440aa8,h6000_q-003151_r-000364,1.143655,False
geography_v1_3_islands_006r_20260809,fiji_dateline,isl_u_da9fca873ea1,h6000_q-003160_r-000359,0.014079,False
geography_v1_3_islands_006r_20260809,fiji_dateline,isl_u_da9fca873ea1,h6000_q-003159_r-000358,0.001072,False
geography_v1_3_islands_006r_20260809,fiji_dateline,isl_u_da9fca873ea1,h6000_q+003518_r-000358,0.339229,False
geography_v1_3_islands_006r_20260809,fiji_dateline,isl_u_da9fca873ea1,h6000_q+003519_r-000359,10.870609,True
geography_v1_3_islands_006r_20260809,fiji_dateline,isl_u_da9fca873ea1,h6000_q+003519_r-000358,0.584431,False
geography_v1_3_islands_006r_20260809,fiji_dateline,isl_u_86cb1aabdf03,h6000_q-003155_r-000359,0.479275,False
geography_v1_3_islands_006r_20260809,fiji_dateline,isl_u_86cb1aabdf03,h6000_q-003155_r-000358,1.632794,True
geography_v1_3_islands_006r_20260809,fiji_dateline,isl_u_86cb1aabdf03,h6000_q-003155_r-000357,0.372317,False
geography_v1_3_islands_006r_20260809,fiji_dateline,isl_u_86cb1aabdf03,h6000_q-003154_r-000360,0.044787,False
geography_v1_3_islands_006r_20260809,fiji_dateline,isl_u_86cb1aabdf03,h6000_q-003154_r-000359,0.164725,False
geography_v1_3_islands_006r_20260809,fiji_dateline,isl_u_86cb1aabdf03,h6000_q-003154_r-000358,0.23399,False
