global_source_id,cartographer,engraver,publisher,plate_family,source_survey_or_base_map,derived_from_source_id,shared_cartographic_lineage,lineage_confidence,independence_status,independence_reason,corroboration_eligible
hsrc_34735c52ef0d,Gilles and Didier Robert de Vaugondy,,"Robert de Vaugondy, Paris",FRENCH_SANSON_JAILLOT_VAUGONDY,"Sanson material inherited via Moulard-Sanson and Jaillot plates acquired after 1712, revised with later astronomical observations",,NO,MEDIUM,PARTIALLY_INDEPENDENT,"French compilation house with a documented Sanson/Jaillot descent. Eighteenth-century compilers borrowed silently, so full independence from German plates cannot be proven, only the absence of a documented derivation.",YES
hsrc_79b470dbf941,Johann Wilhelm Zollmann,Christian Friedrich Oetinger,"Homann Heirs (Homanniani Heredes), Nuremberg",GERMAN_HOMANN_NUREMBERG,"Saxon/Thuringian regional material; dedicated to Friedrich Christian, Electoral Prince of Saxony",,NO,MEDIUM,PARTIALLY_INDEPENDENT,"Different house, country, engraver and dedicatee from the Vaugondy sheet, and a five times finer scale, so it is not the same plate or a reissue of it. Both sheets nevertheless use the Ferro meridian and both belong to the eighteenth-century compilation tradition, so partial rather than full independence is claimed.",YES
hsrc_a5816e9281d6,,,Historische Kommission / Deutsche Biographie,NOT_A_MAP,modern scholarship on archival record,,NO,HIGH,INDEPENDENT,"Modern scholarly article; independent of both printed maps. It carries no boundary geometry, so it corroborates the polity model, not boundary position.",NO
hsrc_1bead8f288ea,,,Landesarchiv Thueringen,NOT_A_MAP,primary administrative records,,NO,MEDIUM,INDEPENDENT,"Archival provenance independent of printed cartography, but consulted only at collection level.",NO
hsrc_d43582bd894f,,,Landesarchiv Thueringen,NOT_A_MAP,primary administrative records,,NO,MEDIUM,INDEPENDENT,"Archival provenance, independent of printed cartography. Carries no boundary geometry, so it corroborates the polity model and not boundary position.",NO
hsrc_99679105b343,,,Bibliotheque nationale de France,NOT_A_MAP,library cataloguing practice,,NO,HIGH,INDEPENDENT,"Independent of the map houses, but it is a cataloguing authority: it describes how the entity is named, not how it was governed.",NO
hsrc_7912efc88450,,,Deutsche Biographie,NOT_A_MAP,modern scholarship,,NO,HIGH,INDEPENDENT,Independent biographical reference; no boundary geometry.,NO
hsrc_a6ea66a39f18,Robert de Vaugondy,,"Robert de Vaugondy, Paris",FRENCH_SANSON_JAILLOT_VAUGONDY,Vaugondy Atlas Universel compilation,,YES,HIGH,DERIVATIVE,Same house as the sheets already in use.,NO
hsrc_aff64e52a076,,,IEG Mainz,NOT_A_MAP,modern scholarship,,NO,HIGH,INDEPENDENT,"Academic reference, independent of the map houses; carries no boundary geometry.",NO
hsrc_61694c6b1c6c,,,GeoNames,NOT_A_MAP,modern gazetteer,,NO,HIGH,INDEPENDENT,Modern point gazetteer; used only to give a historical map symbol a reference position.,NO
hsrc_d22d155bbd4a,Didier Robert de Vaugondy,,"Robert de Vaugondy, Paris",FRENCH_SANSON_JAILLOT_VAUGONDY,Vaugondy Atlas Universel compilation,,YES,HIGH,SHARED_ATLAS_LINEAGE,"CORRECTED IN MAPGEN-017. MAPGEN-016 called this DERIVATIVE, but 'same house, same atlas' does not prove that the northern sheet was derived FROM the southern one - no direct derivation evidence exists in either direction. The honest statement is that they share an atlas lineage and are therefore not independent of each other.",NO
hsrc_a82a692f2890,Matthaeus Albrecht Lotter,Matthaeus Albrecht Lotter,"Tobias Conrad Lotter, Augsburg",GERMAN_SEUTTER_LOTTER_AUGSBURG,Augsburg house compilation,,NO,MEDIUM,PARTIALLY_INDEPENDENT,"A different house, city and engraver from the French Vaugondy line: the Augsburg Seutter/Lotter workshop. Not claimed as fully INDEPENDENT because eighteenth-century compilers borrowed silently and no source-of-sources statement was obtained.",YES
hsrc_4c13f0498990,Georges-Louis Le Rouge,,"Le Rouge; Prault fils; Veuve Robinot; Briasson, Paris",FRENCH_POCKET_ATLAS_COMPILATION,the atlas title claims the plates are 'dressees sur les nouvelles observations'; the plate itself names no survey and no authority for the Iberian sheet,,UNKNOWN,LOW,LINEAGE_NOT_ESTABLISHED,"Le Rouge worked as a compiler and translator of other houses' material, and no derivation from a named predecessor could be shown or ruled out within this stage's bounded search. The consequence is carried through rather than hidden: the plate is used for WHERE the provinces are, at a measured 34.6 km p95 error, and its frontier depiction is never treated as independent confirmation of anyone else's.",NO
