point_id,historical_map_label,pixel_x,pixel_y,reference_feature_name,reference_lon,reference_lat,reference_source,identity_confidence,symbol_type,zone,selection_method,discovered_using_prior_transform,notes,symbol_radius_px,symbol_bbox,chosen_anchor,anchor_reason,symbol_uncertainty_px,symbol_position_uncertainty_m,observation_class,pixel_coordinate_directly_observed,feature_kind,inside_inset,split_role,split_reason
ofp_berlin,BERLIN,2006.8,4937.4,Berlin,13.41053,52.52437,"GeoNames cities15000 (CC BY 4.0), local copy",HIGH,TOWN_CIRCLE_WITH_BUILDING,SW,PRIOR_TRANSFORM_WINDOW_MAPGEN018R,YES,,4.0,"[2001.8,4932.4,2011.8,4942.4]",SYMBOL_CIRCLE_CENTRE,"the engraved settlement circle, not the centre of the label text; located by an annulus template (dark ring, light core, light halo) seeded on the circle read at native resolution and refined to the darkness-weighted centroid of the ring",6.3,409.0,OBSERVED_FEATURE_POINT,YES,TOWN_SYMBOL,NO,FIT,"moved out of blind validation: located inside a window predicted by the MAPGEN-018 transform, so it cannot test a transform blindly"
ofp_bialogard,Belgardt,4603.9,2175.8,Bialogard,15.98751,54.00696,"GeoNames cities15000 (CC BY 4.0), local copy",HIGH,TOWN_CIRCLE_WITH_BUILDING,NE,MAP_FIRST_TILE_SCAN,NO,,4.0,"[4598.9,2170.8,4608.9,2180.8]",SYMBOL_CIRCLE_CENTRE,"the engraved settlement circle, not the centre of the label text; located by an annulus template (dark ring, light core, light halo) seeded on the circle read at native resolution and refined to the darkness-weighted centroid of the ring",6.3,409.0,OBSERVED_FEATURE_POINT,YES,TOWN_SYMBOL,NO,FIT,
ofp_bytow,Butow,6018.0,1786.9,Bytow,17.49187,54.17057,"GeoNames cities15000 (CC BY 4.0), local copy",HIGH,TOWN_CIRCLE_WITH_BUILDING,NE,MAP_FIRST_TILE_SCAN,NO,,4.0,"[6013.0,1781.9,6023.0,1791.9]",SYMBOL_CIRCLE_CENTRE,"the engraved settlement circle, not the centre of the label text; located by an annulus template (dark ring, light core, light halo) seeded on the circle read at native resolution and refined to the darkness-weighted centroid of the ring",6.3,409.0,OBSERVED_FEATURE_POINT,YES,TOWN_SYMBOL,NO,FIT,
ofp_choszczno,Arenswalde,4176.7,3596.8,Choszczno,15.42054,53.16905,"GeoNames cities15000 (CC BY 4.0), local copy",HIGH,TOWN_CIRCLE_WITH_BUILDING,centre,MAP_FIRST_TILE_SCAN,NO,,4.0,"[4171.7,3591.8,4181.7,3601.8]",SYMBOL_CIRCLE_CENTRE,"the engraved settlement circle, not the centre of the label text; located by an annulus template (dark ring, light core, light halo) seeded on the circle read at native resolution and refined to the darkness-weighted centroid of the ring",6.3,409.0,OBSERVED_FEATURE_POINT,YES,TOWN_SYMBOL,NO,FIT,
ofp_fuerstenwalde,Furstenwalde,2735.8,5150.8,Fuerstenwalde,14.06185,52.36067,"GeoNames cities15000 (CC BY 4.0), local copy",HIGH,TOWN_CIRCLE_WITH_BUILDING,SW,PRIOR_TRANSFORM_WINDOW_MAPGEN018R,YES,,4.0,"[2730.8,5145.8,2740.8,5155.8]",SYMBOL_CIRCLE_CENTRE,"the engraved settlement circle, not the centre of the label text; located by an annulus template (dark ring, light core, light halo) seeded on the circle read at native resolution and refined to the darkness-weighted centroid of the ring",6.3,409.0,OBSERVED_FEATURE_POINT,YES,TOWN_SYMBOL,NO,FIT,
ofp_kartuzy,Carthaus,6903.8,1917.7,Kartuzy,18.19735,54.33424,"GeoNames cities15000 (CC BY 4.0), local copy",MEDIUM,VILLAGE_CIRCLE,NE,MAP_FIRST_TILE_SCAN,NO,"plain village-grade circle, no building glyph",4.0,"[6898.8,1912.7,6908.8,1922.7]",SYMBOL_CIRCLE_CENTRE,"the engraved settlement circle, not the centre of the label text; located by an annulus template (dark ring, light core, light halo) seeded on the circle read at native resolution and refined to the darkness-weighted centroid of the ring",10.2,662.0,OBSERVED_FEATURE_POINT,YES,TOWN_SYMBOL,NO,FIT,
ofp_lebork,Louwenborch,6278.8,997.3,Lebork,17.75012,54.53921,"GeoNames cities15000 (CC BY 4.0), local copy",HIGH,TOWN_CIRCLE_WITH_BUILDING,NE,MAP_FIRST_TILE_SCAN,NO,,4.0,"[6273.8,992.3,6283.8,1002.3]",SYMBOL_CIRCLE_CENTRE,"the engraved settlement circle, not the centre of the label text; located by an annulus template (dark ring, light core, light halo) seeded on the circle read at native resolution and refined to the darkness-weighted centroid of the ring",6.3,409.0,OBSERVED_FEATURE_POINT,YES,TOWN_SYMBOL,NO,FIT,
ofp_potsdam,Potzdam,1630.9,5048.1,Potsdam,13.06566,52.39886,"GeoNames cities15000 (CC BY 4.0), local copy",HIGH,TOWN_CIRCLE_WITH_BUILDING,SW,PRIOR_TRANSFORM_WINDOW_MAPGEN018R,YES,,4.0,"[1625.9,5043.1,1635.9,5053.1]",SYMBOL_CIRCLE_CENTRE,"the engraved settlement circle, not the centre of the label text; located by an annulus template (dark ring, light core, light halo) seeded on the circle read at native resolution and refined to the darkness-weighted centroid of the ring",6.3,409.0,OBSERVED_FEATURE_POINT,YES,TOWN_SYMBOL,NO,FIT,"moved out of blind validation: located inside a window predicted by the MAPGEN-018 transform, so it cannot test a transform blindly"
ofp_prenzlau,Prenslow,2543.8,3398.2,Prenzlau,13.86397,53.31702,"GeoNames cities15000 (CC BY 4.0), local copy",HIGH,TOWN_CIRCLE_WITH_BUILDING,SW,MAP_FIRST_TILE_SCAN,NO,,4.0,"[2538.8,3393.2,2548.8,3403.2]",SYMBOL_CIRCLE_CENTRE,"the engraved settlement circle, not the centre of the label text; located by an annulus template (dark ring, light core, light halo) seeded on the circle read at native resolution and refined to the darkness-weighted centroid of the ring",6.3,409.0,OBSERVED_FEATURE_POINT,YES,TOWN_SYMBOL,NO,FIT,
ofp_rathenow,Ratenow,927.8,4641.2,Rathenow,12.33696,52.60659,"GeoNames cities15000 (CC BY 4.0), local copy",HIGH,TOWN_CIRCLE_WITH_BUILDING,SW,MAP_FIRST_TILE_SCAN,NO,,4.0,"[922.8,4636.2,932.8,4646.2]",SYMBOL_CIRCLE_CENTRE,"the engraved settlement circle, not the centre of the label text; located by an annulus template (dark ring, light core, light halo) seeded on the circle read at native resolution and refined to the darkness-weighted centroid of the ring",6.3,409.0,OBSERVED_FEATURE_POINT,YES,TOWN_SYMBOL,NO,FIT,
ofp_rostock,ROSTOCK,975.8,2225.0,Rostock,12.14049,54.0887,"GeoNames cities15000 (CC BY 4.0), local copy",HIGH,TOWN_CIRCLE_WITH_BUILDING,NW,MAP_FIRST_TILE_SCAN,NO,,4.0,"[970.8,2220.0,980.8,2230.0]",SYMBOL_CIRCLE_CENTRE,"the engraved settlement circle, not the centre of the label text; located by an annulus template (dark ring, light core, light halo) seeded on the circle read at native resolution and refined to the darkness-weighted centroid of the ring",6.3,409.0,OBSERVED_FEATURE_POINT,YES,TOWN_SYMBOL,NO,FIT,
ofp_slupsk,Stolpe,5502.9,1267.8,Slupsk,17.02872,54.46405,"GeoNames cities15000 (CC BY 4.0), local copy",HIGH,TOWN_CIRCLE_WITH_BUILDING,NE,MAP_FIRST_TILE_SCAN,NO,,4.0,"[5497.9,1262.8,5507.9,1272.8]",SYMBOL_CIRCLE_CENTRE,"the engraved settlement circle, not the centre of the label text; located by an annulus template (dark ring, light core, light halo) seeded on the circle read at native resolution and refined to the darkness-weighted centroid of the ring",6.3,409.0,OBSERVED_FEATURE_POINT,YES,TOWN_SYMBOL,NO,FIT,
ofp_stralsund,STRALSUND,2054.1,1707.2,Stralsund,13.0818,54.30911,"GeoNames cities15000 (CC BY 4.0), local copy",HIGH,TOWN_CIRCLE_WITH_BUILDING,NW,MAP_FIRST_TILE_SCAN,NO,,4.0,"[2049.1,1702.2,2059.1,1712.2]",SYMBOL_CIRCLE_CENTRE,"the engraved settlement circle, not the centre of the label text; located by an annulus template (dark ring, light core, light halo) seeded on the circle read at native resolution and refined to the darkness-weighted centroid of the ring",6.3,409.0,OBSERVED_FEATURE_POINT,YES,TOWN_SYMBOL,NO,FIT,
ofp_sulechow,Zullichaw,4183.9,5745.3,Sulechow,15.62513,52.08362,"GeoNames cities15000 (CC BY 4.0), local copy",HIGH,TOWN_CIRCLE_WITH_BUILDING,SE,MAP_FIRST_TILE_SCAN,NO,,4.0,"[4178.9,5740.3,4188.9,5750.3]",SYMBOL_CIRCLE_CENTRE,"the engraved settlement circle, not the centre of the label text; located by an annulus template (dark ring, light core, light halo) seeded on the circle read at native resolution and refined to the darkness-weighted centroid of the ring",6.3,409.0,OBSERVED_FEATURE_POINT,YES,TOWN_SYMBOL,NO,FIT,
ofp_swidwin,Schifelbein,4474.7,2597.8,Swidwin,15.77671,53.77464,"GeoNames cities15000 (CC BY 4.0), local copy",HIGH,TOWN_CIRCLE_WITH_BUILDING,centre,MAP_FIRST_TILE_SCAN,NO,,4.0,"[4469.7,2592.8,4479.7,2602.8]",SYMBOL_CIRCLE_CENTRE,"the engraved settlement circle, not the centre of the label text; located by an annulus template (dark ring, light core, light halo) seeded on the circle read at native resolution and refined to the darkness-weighted centroid of the ring",6.3,409.0,OBSERVED_FEATURE_POINT,YES,TOWN_SYMBOL,NO,FIT,
ofp_swiebodzin,Schwibussin,4089.0,5482.2,Swiebodzin,15.53355,52.24751,"GeoNames cities15000 (CC BY 4.0), local copy",HIGH,TOWN_CIRCLE_WITH_BUILDING,SE,MAP_FIRST_TILE_SCAN,NO,,4.0,"[4084.0,5477.2,4094.0,5487.2]",SYMBOL_CIRCLE_CENTRE,"the engraved settlement circle, not the centre of the label text; located by an annulus template (dark ring, light core, light halo) seeded on the circle read at native resolution and refined to the darkness-weighted centroid of the ring",6.3,409.0,OBSERVED_FEATURE_POINT,YES,TOWN_SYMBOL,NO,FIT,
ofp_szczecin,STETTIN,3348.8,3221.6,Szczecin,14.55302,53.42894,"GeoNames cities15000 (CC BY 4.0), local copy",MEDIUM,FORTIFIED_TOWN,centre,MAP_FIRST_TILE_SCAN,NO,"symbol sits inside dense Oder channel hatching, harder to isolate",4.0,"[3343.8,3216.6,3353.8,3226.6]",SYMBOL_CIRCLE_CENTRE,"the engraved settlement circle, not the centre of the label text; located by an annulus template (dark ring, light core, light halo) seeded on the circle read at native resolution and refined to the darkness-weighted centroid of the ring",10.2,662.0,OBSERVED_FEATURE_POINT,YES,FORTIFICATION_SYMBOL,NO,FIT,
ofp_szczecinek,Nien Stettin,5295.8,2565.9,Szczecinek,16.69937,53.70791,"GeoNames cities15000 (CC BY 4.0), local copy",HIGH,TOWN_CIRCLE_WITH_BUILDING,NE,MAP_FIRST_TILE_SCAN,NO,,4.0,"[5290.8,2560.9,5300.8,2570.9]",SYMBOL_CIRCLE_CENTRE,"the engraved settlement circle, not the centre of the label text; located by an annulus template (dark ring, light core, light halo) seeded on the circle read at native resolution and refined to the darkness-weighted centroid of the ring",6.3,409.0,OBSERVED_FEATURE_POINT,YES,TOWN_SYMBOL,NO,FIT,
ofp_universitats__und_hansestadt_greifswald,Gripswalde,2273.8,2044.0,Universitats- und Hansestadt Greifswald,13.40244,54.08905,"GeoNames cities15000 (CC BY 4.0), local copy",HIGH,TOWN_CIRCLE_WITH_BUILDING,NW,MAP_FIRST_TILE_SCAN,NO,,4.0,"[2268.8,2039.0,2278.8,2049.0]",SYMBOL_CIRCLE_CENTRE,"the engraved settlement circle, not the centre of the label text; located by an annulus template (dark ring, light core, light halo) seeded on the circle read at native resolution and refined to the darkness-weighted centroid of the ring",6.3,409.0,OBSERVED_FEATURE_POINT,YES,TOWN_SYMBOL,NO,FIT,
ofp_walcz,Die Krone,5225.0,3725.7,Walcz,16.47122,53.27787,"GeoNames cities15000 (CC BY 4.0), local copy",HIGH,TOWN_CIRCLE_WITH_BUILDING,SE,MAP_FIRST_TILE_SCAN,NO,"Deutsch Krone, not Krone an der Brahe",4.0,"[5220.0,3720.7,5230.0,3730.7]",SYMBOL_CIRCLE_CENTRE,"the engraved settlement circle, not the centre of the label text; located by an annulus template (dark ring, light core, light halo) seeded on the circle read at native resolution and refined to the darkness-weighted centroid of the ring",6.3,409.0,OBSERVED_FEATURE_POINT,YES,TOWN_SYMBOL,NO,FIT,
