landmass,parent_hex_id,land_fragment_id,land_subject_or_component_id,land_area_km2,other_land_in_hex_km2,hex_total_land_km2,fragment_share_of_hex,other_land_share_of_hex,canonical_water_type,is_terrestrial_hex,whole_hex_assigned,outcome
Gozo,h6000_q-000148_r+000828,lfr_2372e4cacb4944,hsub_gozo_island,0.947636776,2.9017978,3.849434576,0.2462,0.7538,OCEAN,False,False,AUTHORISED_FRAGMENT_CONTROLLED_OTHER_COMPONENT_LAND_REMAINS_UNOWNED
Great Britain,h6000_q-000651_r+001267,lfr_dcd16dbfd0978a,hsub_great_britain_main_island,0.00073269,3.107541525,3.108274215,0.0002,0.9998,OCEAN,False,False,AUTHORISED_FRAGMENT_CONTROLLED_OTHER_COMPONENT_LAND_REMAINS_UNOWNED
Great Britain,h6000_q-000866_r+001533,lfr_8982bf80a936ba,hsub_great_britain_main_island,0.000497461,0.805178099,0.80567556,0.0006,0.9994,OCEAN,False,False,AUTHORISED_FRAGMENT_CONTROLLED_OTHER_COMPONENT_LAND_REMAINS_UNOWNED
Great Britain,h6000_q-000832_r+001452,lfr_8d3f91766238c1,hsub_great_britain_main_island,0.002229354,1.303101655,1.305331009,0.0017,0.9983,OCEAN,False,False,AUTHORISED_FRAGMENT_CONTROLLED_OTHER_COMPONENT_LAND_REMAINS_UNOWNED
Great Britain,h6000_q-000664_r+001338,lfr_1557a24cfcf272,hsub_great_britain_main_island,0.000303202,0.035918153,0.036221354,0.0084,0.9916,OCEAN,False,False,AUTHORISED_FRAGMENT_CONTROLLED_OTHER_COMPONENT_LAND_REMAINS_UNOWNED
Great Britain,h6000_q-000750_r+001382,lfr_50d56332cd223c,hsub_great_britain_main_island,0.01796846,1.498325204,1.516293664,0.0119,0.9881,OCEAN,False,False,AUTHORISED_FRAGMENT_CONTROLLED_OTHER_COMPONENT_LAND_REMAINS_UNOWNED
Great Britain,h6000_q-000839_r+001478,lfr_b03b6115ddf8c6,hsub_great_britain_main_island,0.009711601,0.542805686,0.552517287,0.0176,0.9824,OCEAN,False,False,AUTHORISED_FRAGMENT_CONTROLLED_OTHER_COMPONENT_LAND_REMAINS_UNOWNED
Great Britain,h6000_q-000839_r+001476,lfr_bd4dd74336d28f,hsub_great_britain_main_island,0.069281671,2.821111395,2.890393066,0.024,0.976,OCEAN,False,False,AUTHORISED_FRAGMENT_CONTROLLED_OTHER_COMPONENT_LAND_REMAINS_UNOWNED
Great Britain,h6000_q-000857_r+001504,lfr_feae376bbe5b50,hsub_great_britain_main_island,0.081802645,2.110626921,2.192429566,0.0373,0.9627,OCEAN,False,False,AUTHORISED_FRAGMENT_CONTROLLED_OTHER_COMPONENT_LAND_REMAINS_UNOWNED
Great Britain,h6000_q-000655_r+001343,lfr_8b63e83054f604,hsub_great_britain_main_island,0.150186117,3.791577187,3.941763304,0.0381,0.9619,OCEAN,False,False,AUTHORISED_FRAGMENT_CONTROLLED_OTHER_COMPONENT_LAND_REMAINS_UNOWNED
Great Britain,h6000_q-000818_r+001449,lfr_05cad176dfe3cc,hsub_great_britain_main_island,0.058237997,1.455457078,1.513695075,0.0385,0.9615,OCEAN,False,False,AUTHORISED_FRAGMENT_CONTROLLED_OTHER_COMPONENT_LAND_REMAINS_UNOWNED
Great Britain,h6000_q-000835_r+001463,lfr_45e7ce6fe0653b,hsub_great_britain_main_island,0.145226945,2.116089661,2.261316606,0.0642,0.9358,OCEAN,False,False,AUTHORISED_FRAGMENT_CONTROLLED_OTHER_COMPONENT_LAND_REMAINS_UNOWNED
Great Britain,h6000_q-000858_r+001556,lfr_a0e0635b09744c,hsub_great_britain_main_island,0.056325335,0.712245202,0.768570536,0.0733,0.9267,OCEAN,False,False,AUTHORISED_FRAGMENT_CONTROLLED_OTHER_COMPONENT_LAND_REMAINS_UNOWNED
Great Britain,h6000_q-000721_r+001272,lfr_dca169ef8057ed,hsub_great_britain_main_island,0.000381308,0.004217193,0.004598501,0.0829,0.9171,OCEAN,False,False,AUTHORISED_FRAGMENT_CONTROLLED_OTHER_COMPONENT_LAND_REMAINS_UNOWNED
Great Britain,h6000_q-000718_r+001240,lfr_6d1279f7956528,hsub_great_britain_main_island,8.6074e-05,0.000884322,0.000970396,0.0887,0.9113,OCEAN,False,False,AUTHORISED_FRAGMENT_CONTROLLED_OTHER_COMPONENT_LAND_REMAINS_UNOWNED
Great Britain,h6000_q-000858_r+001504,lfr_c65013c63a44f6,hsub_great_britain_main_island,0.439968408,4.070183853,4.51015226,0.0976,0.9024,OCEAN,False,False,AUTHORISED_FRAGMENT_CONTROLLED_OTHER_COMPONENT_LAND_REMAINS_UNOWNED
Great Britain,h6000_q-000751_r+001440,lfr_b5c75eb1c2cc97,hsub_great_britain_main_island,0.015242215,0.119642464,0.134884679,0.113,0.887,OCEAN,False,False,AUTHORISED_FRAGMENT_CONTROLLED_OTHER_COMPONENT_LAND_REMAINS_UNOWNED
Great Britain,h6000_q-000867_r+001534,lfr_6df6baf5133bb4,hsub_great_britain_main_island,0.318133645,2.198521215,2.51665486,0.1264,0.8736,OCEAN,False,False,AUTHORISED_FRAGMENT_CONTROLLED_OTHER_COMPONENT_LAND_REMAINS_UNOWNED
Great Britain,h6000_q-000846_r+001475,lfr_18e67515d37e72,hsub_great_britain_main_island,0.224778139,1.091786008,1.316564148,0.1707,0.8293,OCEAN,False,False,AUTHORISED_FRAGMENT_CONTROLLED_OTHER_COMPONENT_LAND_REMAINS_UNOWNED
Great Britain,h6000_q-000856_r+001502,lfr_6202913a402f23,hsub_great_britain_main_island,0.597767709,2.849686775,3.447454484,0.1734,0.8266,OCEAN,False,False,AUTHORISED_FRAGMENT_CONTROLLED_OTHER_COMPONENT_LAND_REMAINS_UNOWNED
Great Britain,h6000_q-000751_r+001304,lfr_7d152f6a517de4,hsub_great_britain_main_island,0.616038633,2.611997602,3.228036236,0.1908,0.8092,OCEAN,False,False,AUTHORISED_FRAGMENT_CONTROLLED_OTHER_COMPONENT_LAND_REMAINS_UNOWNED
Great Britain,h6000_q-000872_r+001553,lfr_9c4987167cf4f3,hsub_great_britain_main_island,0.108582613,0.386893271,0.495475884,0.2191,0.7809,OCEAN,False,False,AUTHORISED_FRAGMENT_CONTROLLED_OTHER_COMPONENT_LAND_REMAINS_UNOWNED
Great Britain,h6000_q-000653_r+001268,lfr_b0f4631821d164,hsub_great_britain_main_island,0.486579444,1.73198389,2.218563334,0.2193,0.7807,OCEAN,False,False,AUTHORISED_FRAGMENT_CONTROLLED_OTHER_COMPONENT_LAND_REMAINS_UNOWNED
Great Britain,h6000_q-000868_r+001527,lfr_5118da3cf18d67,hsub_great_britain_main_island,0.653983958,2.127822055,2.781806013,0.2351,0.7649,OCEAN,False,False,AUTHORISED_FRAGMENT_CONTROLLED_OTHER_COMPONENT_LAND_REMAINS_UNOWNED
Great Britain,h6000_q-000654_r+001267,lfr_8d94434e3aa13c,hsub_great_britain_main_island,1.498879702,4.715559817,6.214439519,0.2412,0.7588,OCEAN,False,False,AUTHORISED_FRAGMENT_CONTROLLED_OTHER_COMPONENT_LAND_REMAINS_UNOWNED
Great Britain,h6000_q-000819_r+001450,lfr_195372beecde4a,hsub_great_britain_main_island,0.485436715,1.512742172,1.998178887,0.2429,0.7571,OCEAN,False,False,AUTHORISED_FRAGMENT_CONTROLLED_OTHER_COMPONENT_LAND_REMAINS_UNOWNED
Great Britain,h6000_q-000867_r+001537,lfr_b392c7f0dcb27f,hsub_great_britain_main_island,0.099791309,0.303885686,0.403676994,0.2472,0.7528,OCEAN,False,False,AUTHORISED_FRAGMENT_CONTROLLED_OTHER_COMPONENT_LAND_REMAINS_UNOWNED
Great Britain,h6000_q-000859_r+001555,lfr_c08af4a715d24f,hsub_great_britain_main_island,0.239904539,0.677993968,0.917898508,0.2614,0.7386,OCEAN,False,False,AUTHORISED_FRAGMENT_CONTROLLED_OTHER_COMPONENT_LAND_REMAINS_UNOWNED
Great Britain,h6000_q-000856_r+001501,lfr_ead10f6890b9a3,hsub_great_britain_main_island,0.878141503,2.368794319,3.246935823,0.2705,0.7295,OCEAN,False,False,AUTHORISED_FRAGMENT_CONTROLLED_OTHER_COMPONENT_LAND_REMAINS_UNOWNED
Great Britain,h6000_q-000753_r+001385,lfr_9be64eca9c4601,hsub_great_britain_main_island,1.292323471,3.420000926,4.712324397,0.2742,0.7258,OCEAN,False,False,AUTHORISED_FRAGMENT_CONTROLLED_OTHER_COMPONENT_LAND_REMAINS_UNOWNED
Great Britain,h6000_q-000836_r+001464,lfr_252a3711341a61,hsub_great_britain_main_island,0.879169945,2.325568283,3.204738228,0.2743,0.7257,OCEAN,False,False,AUTHORISED_FRAGMENT_CONTROLLED_OTHER_COMPONENT_LAND_REMAINS_UNOWNED
Great Britain,h6000_q-000756_r+001443,lfr_722fe7d076155a,hsub_great_britain_main_island,0.275560955,0.577528652,0.853089607,0.323,0.677,OCEAN,False,False,AUTHORISED_FRAGMENT_CONTROLLED_OTHER_COMPONENT_LAND_REMAINS_UNOWNED
Great Britain,h6000_q-000631_r+001289,lfr_3248dba8a353ea,hsub_great_britain_main_island,1.702404581,3.275333851,4.977738432,0.342,0.658,OCEAN,False,False,AUTHORISED_FRAGMENT_CONTROLLED_OTHER_COMPONENT_LAND_REMAINS_UNOWNED
Great Britain,h6000_q-000867_r+001526,lfr_b43c678e5bd29c,hsub_great_britain_main_island,0.805609109,1.539420603,2.345029712,0.3435,0.6565,OCEAN,False,False,AUTHORISED_FRAGMENT_CONTROLLED_OTHER_COMPONENT_LAND_REMAINS_UNOWNED
Great Britain,h6000_q-000720_r+001264,lfr_69892bd5dae86f,hsub_great_britain_main_island,0.002444178,0.004622649,0.007066827,0.3459,0.6541,OCEAN,False,False,AUTHORISED_FRAGMENT_CONTROLLED_OTHER_COMPONENT_LAND_REMAINS_UNOWNED
Great Britain,h6000_q-000669_r+001264,lfr_8370689dc5385d,hsub_great_britain_main_island,1.038691968,1.86746657,2.906158538,0.3574,0.6426,OCEAN,False,False,AUTHORISED_FRAGMENT_CONTROLLED_OTHER_COMPONENT_LAND_REMAINS_UNOWNED
Great Britain,h6000_q-000852_r+001486,lfr_29272d4ddb6c24,hsub_great_britain_main_island,1.457438734,2.349590787,3.807029521,0.3828,0.6172,OCEAN,False,False,AUTHORISED_FRAGMENT_CONTROLLED_OTHER_COMPONENT_LAND_REMAINS_UNOWNED
Great Britain,h6000_q-000869_r+001546,lfr_6584a7f60fbe98,hsub_great_britain_main_island,0.521457487,0.732481748,1.253939235,0.4159,0.5841,OCEAN,False,False,AUTHORISED_FRAGMENT_CONTROLLED_OTHER_COMPONENT_LAND_REMAINS_UNOWNED
Great Britain,h6000_q-000654_r+001343,lfr_574741a1c267c0,hsub_great_britain_main_island,0.484484575,0.569948912,1.054433487,0.4595,0.5405,OCEAN,False,False,AUTHORISED_FRAGMENT_CONTROLLED_OTHER_COMPONENT_LAND_REMAINS_UNOWNED
Great Britain,h6000_q-000869_r+001544,lfr_12145c3b2e5f58,hsub_great_britain_main_island,0.62621218,0.67220196,1.298414139,0.4823,0.5177,OCEAN,False,False,AUTHORISED_FRAGMENT_CONTROLLED_OTHER_COMPONENT_LAND_REMAINS_UNOWNED
Great Britain,h6000_q-000870_r+001559,lfr_85e1a41b19d55e,hsub_great_britain_main_island,0.02177315,0.020996556,0.042769706,0.5091,0.4909,OCEAN,False,False,AUTHORISED_FRAGMENT_CONTROLLED_OTHER_COMPONENT_LAND_REMAINS_UNOWNED
Great Britain,h6000_q-000833_r+001453,lfr_0358cf89c07752,hsub_great_britain_main_island,0.017989356,0.016602573,0.034591929,0.52,0.48,OCEAN,False,False,AUTHORISED_FRAGMENT_CONTROLLED_OTHER_COMPONENT_LAND_REMAINS_UNOWNED
Great Britain,h6000_q-000669_r+001341,lfr_82d1526cdde0cd,hsub_great_britain_main_island,1.112976389,0.918213768,2.031190157,0.5479,0.4521,OCEAN,False,False,AUTHORISED_FRAGMENT_CONTROLLED_OTHER_COMPONENT_LAND_REMAINS_UNOWNED
Great Britain,h6000_q-000633_r+001288,lfr_4c007af48114e3,hsub_great_britain_main_island,1.752356944,1.416806202,3.169163147,0.5529,0.4471,OCEAN,False,False,AUTHORISED_FRAGMENT_CONTROLLED_OTHER_COMPONENT_LAND_REMAINS_UNOWNED
Great Britain,h6000_q-000629_r+001305,lfr_ca5a70d77b3667,hsub_great_britain_main_island,1.098026692,0.88510589,1.983132582,0.5537,0.4463,OCEAN,False,False,AUTHORISED_FRAGMENT_CONTROLLED_OTHER_COMPONENT_LAND_REMAINS_UNOWNED
Great Britain,h6000_q-000653_r+001343,lfr_01bea099946352,hsub_great_britain_main_island,1.211600594,0.945996109,2.157596703,0.5616,0.4384,OCEAN,False,False,AUTHORISED_FRAGMENT_CONTROLLED_OTHER_COMPONENT_LAND_REMAINS_UNOWNED
Great Britain,h6000_q-000751_r+001383,lfr_21600402ba1fb3,hsub_great_britain_main_island,0.861852633,0.665587373,1.527440005,0.5642,0.4358,OCEAN,False,False,AUTHORISED_FRAGMENT_CONTROLLED_OTHER_COMPONENT_LAND_REMAINS_UNOWNED
Great Britain,h6000_q-000725_r+001249,lfr_05cb64bd360392,hsub_great_britain_main_island,0.014141378,0.010846286,0.024987664,0.5659,0.4341,OCEAN,False,False,AUTHORISED_FRAGMENT_CONTROLLED_OTHER_COMPONENT_LAND_REMAINS_UNOWNED
Great Britain,h6000_q-000692_r+001247,lfr_ecbe3fc001bc3f,hsub_great_britain_main_island,0.006789747,0.004913075,0.011702822,0.5802,0.4198,OCEAN,False,False,AUTHORISED_FRAGMENT_CONTROLLED_OTHER_COMPONENT_LAND_REMAINS_UNOWNED
Great Britain,h6000_q-000870_r+001547,lfr_90c82c593b53de,hsub_great_britain_main_island,0.016765099,0.011801166,0.028566266,0.5869,0.4131,OCEAN,False,False,AUTHORISED_FRAGMENT_CONTROLLED_OTHER_COMPONENT_LAND_REMAINS_UNOWNED
Great Britain,h6000_q-000635_r+001299,lfr_2728514e41b1ed,hsub_great_britain_main_island,1.85346683,1.254432856,3.107899686,0.5964,0.4036,OCEAN,False,False,AUTHORISED_FRAGMENT_CONTROLLED_OTHER_COMPONENT_LAND_REMAINS_UNOWNED
Great Britain,h6000_q-000661_r+001264,lfr_6bfd955a1cf587,hsub_great_britain_main_island,0.28080987,0.173940597,0.454750467,0.6175,0.3825,OCEAN,False,False,AUTHORISED_FRAGMENT_CONTROLLED_OTHER_COMPONENT_LAND_REMAINS_UNOWNED
Great Britain,h6000_q-000862_r+001531,lfr_88dc6200dde182,hsub_great_britain_main_island,2.285035009,1.160671915,3.445706924,0.6632,0.3368,OCEAN,False,False,AUTHORISED_FRAGMENT_CONTROLLED_OTHER_COMPONENT_LAND_REMAINS_UNOWNED
Great Britain,h6000_q-000814_r+001453,lfr_7929b7e3c18a6b,hsub_great_britain_main_island,0.222777155,0.110684083,0.333461237,0.6681,0.3319,OCEAN,False,False,AUTHORISED_FRAGMENT_CONTROLLED_OTHER_COMPONENT_LAND_REMAINS_UNOWNED
Great Britain,h6000_q-000723_r+001254,lfr_2302bf41af2c17,hsub_great_britain_main_island,0.068464543,0.033040897,0.10150544,0.6745,0.3255,OCEAN,False,False,AUTHORISED_FRAGMENT_CONTROLLED_OTHER_COMPONENT_LAND_REMAINS_UNOWNED
Great Britain,h6000_q-000838_r+001475,lfr_021ff21ae6bbf6,hsub_great_britain_main_island,2.330657717,1.118321134,3.44897885,0.6758,0.3242,OCEAN,False,False,AUTHORISED_FRAGMENT_CONTROLLED_OTHER_COMPONENT_LAND_REMAINS_UNOWNED
Great Britain,h6000_q-000627_r+001311,lfr_750108f7174965,hsub_great_britain_main_island,1.917897809,0.879564036,2.797461844,0.6856,0.3144,OCEAN,False,False,AUTHORISED_FRAGMENT_CONTROLLED_OTHER_COMPONENT_LAND_REMAINS_UNOWNED
Great Britain,h6000_q-000632_r+001289,lfr_3e6b9ecee3e7a8,hsub_great_britain_main_island,2.78542229,1.242307314,4.027729604,0.6916,0.3084,OCEAN,False,False,AUTHORISED_FRAGMENT_CONTROLLED_OTHER_COMPONENT_LAND_REMAINS_UNOWNED
Great Britain,h6000_q-000868_r+001539,lfr_9b630f84a370f3,hsub_great_britain_main_island,0.795991558,0.354040656,1.150032214,0.6921,0.3079,OCEAN,False,False,AUTHORISED_FRAGMENT_CONTROLLED_OTHER_COMPONENT_LAND_REMAINS_UNOWNED
Great Britain,h6000_q-000859_r+001508,lfr_ad20f419fa21b7,hsub_great_britain_main_island,0.37464088,0.150891103,0.525531983,0.7129,0.2871,OCEAN,False,False,AUTHORISED_FRAGMENT_CONTROLLED_OTHER_COMPONENT_LAND_REMAINS_UNOWNED
Great Britain,h6000_q-000755_r+001336,lfr_e76d05020cd0fc,hsub_great_britain_main_island,0.083617303,0.033603829,0.117221132,0.7133,0.2867,OCEAN,False,False,AUTHORISED_FRAGMENT_CONTROLLED_OTHER_COMPONENT_LAND_REMAINS_UNOWNED
Great Britain,h6000_q-000632_r+001288,lfr_f8349ed1be3eff,hsub_great_britain_main_island,1.654552578,0.653911768,2.308464347,0.7167,0.2833,OCEAN,False,False,AUTHORISED_FRAGMENT_CONTROLLED_OTHER_COMPONENT_LAND_REMAINS_UNOWNED
Great Britain,h6000_q-000709_r+001251,lfr_8cf9e1df36df38,hsub_great_britain_main_island,0.000587474,0.000225619,0.000813093,0.7225,0.2775,OCEAN,False,False,AUTHORISED_FRAGMENT_CONTROLLED_OTHER_COMPONENT_LAND_REMAINS_UNOWNED
Great Britain,h6000_q-000765_r+001415,lfr_2b4d1c7acff73c,hsub_great_britain_main_island,2.584834232,0.890269208,3.47510344,0.7438,0.2562,OCEAN,False,False,AUTHORISED_FRAGMENT_CONTROLLED_OTHER_COMPONENT_LAND_REMAINS_UNOWNED
Great Britain,h6000_q-000853_r+001488,lfr_d22a973d3aee42,hsub_great_britain_main_island,0.04454344,0.013953318,0.058496758,0.7615,0.2385,OCEAN,False,False,AUTHORISED_FRAGMENT_CONTROLLED_OTHER_COMPONENT_LAND_REMAINS_UNOWNED
Great Britain,h6000_q-000722_r+001261,lfr_372e1aca2e215e,hsub_great_britain_main_island,0.05492317,0.016844854,0.071768023,0.7653,0.2347,OCEAN,False,False,AUTHORISED_FRAGMENT_CONTROLLED_OTHER_COMPONENT_LAND_REMAINS_UNOWNED
Great Britain,h6000_q-000864_r+001556,lfr_d8b406114ff118,hsub_great_britain_main_island,0.134592101,0.040632937,0.175225038,0.7681,0.2319,OCEAN,False,False,AUTHORISED_FRAGMENT_CONTROLLED_OTHER_COMPONENT_LAND_REMAINS_UNOWNED
Great Britain,h6000_q-000833_r+001456,lfr_60a185759578d4,hsub_great_britain_main_island,1.346056325,0.4055751,1.751631425,0.7685,0.2315,OCEAN,False,False,AUTHORISED_FRAGMENT_CONTROLLED_OTHER_COMPONENT_LAND_REMAINS_UNOWNED
Great Britain,h6000_q-000614_r+001278,lfr_948c5daa32981f,hsub_great_britain_main_island,0.055766643,0.016182892,0.071949535,0.7751,0.2249,OCEAN,False,False,AUTHORISED_FRAGMENT_CONTROLLED_OTHER_COMPONENT_LAND_REMAINS_UNOWNED
Great Britain,h6000_q-000867_r+001522,lfr_4e7a95322e0810,hsub_great_britain_main_island,0.98219742,0.267517679,1.249715099,0.7859,0.2141,OCEAN,False,False,AUTHORISED_FRAGMENT_CONTROLLED_OTHER_COMPONENT_LAND_REMAINS_UNOWNED
Great Britain,h6000_q-000852_r+001485,lfr_53bdb5d7855e65,hsub_great_britain_main_island,1.168731607,0.307667542,1.476399149,0.7916,0.2084,OCEAN,False,False,AUTHORISED_FRAGMENT_CONTROLLED_OTHER_COMPONENT_LAND_REMAINS_UNOWNED
Great Britain,h6000_q-000789_r+001456,lfr_c4fa34be5517ed,hsub_great_britain_main_island,0.471388392,0.122500509,0.593888902,0.7937,0.2063,OCEAN,False,False,AUTHORISED_FRAGMENT_CONTROLLED_OTHER_COMPONENT_LAND_REMAINS_UNOWNED
Great Britain,h6000_q-000736_r+001296,lfr_b1b3183b388b0b,hsub_great_britain_main_island,0.177962381,0.043651104,0.221613484,0.803,0.197,OCEAN,False,False,AUTHORISED_FRAGMENT_CONTROLLED_OTHER_COMPONENT_LAND_REMAINS_UNOWNED
Great Britain,h6000_q-000868_r+001545,lfr_400a4e47372b56,hsub_great_britain_main_island,1.714093178,0.419939553,2.134032731,0.8032,0.1968,OCEAN,False,False,AUTHORISED_FRAGMENT_CONTROLLED_OTHER_COMPONENT_LAND_REMAINS_UNOWNED
Great Britain,h6000_q-000836_r+001527,lfr_dc2482b4535010,hsub_great_britain_main_island,0.630936536,0.151726984,0.782663521,0.8061,0.1939,OCEAN,False,False,AUTHORISED_FRAGMENT_CONTROLLED_OTHER_COMPONENT_LAND_REMAINS_UNOWNED
Great Britain,h6000_q-000867_r+001558,lfr_5bf67248c8a3c8,hsub_great_britain_main_island,0.079448452,0.018455064,0.097903516,0.8115,0.1885,OCEAN,False,False,AUTHORISED_FRAGMENT_CONTROLLED_OTHER_COMPONENT_LAND_REMAINS_UNOWNED
Great Britain,h6000_q-000855_r+001492,lfr_d0522d1058a71f,hsub_great_britain_main_island,0.18848768,0.042517814,0.231005494,0.8159,0.1841,OCEAN,False,False,AUTHORISED_FRAGMENT_CONTROLLED_OTHER_COMPONENT_LAND_REMAINS_UNOWNED
Great Britain,h6000_q-000636_r+001299,lfr_f65562114f3ddf,hsub_great_britain_main_island,4.677092993,1.032104892,5.709197884,0.8192,0.1808,OCEAN,False,False,AUTHORISED_FRAGMENT_CONTROLLED_OTHER_COMPONENT_LAND_REMAINS_UNOWNED
Great Britain,h6000_q-000856_r+001500,lfr_ccd358adc0b1f7,hsub_great_britain_main_island,0.386558704,0.084791285,0.471349989,0.8201,0.1799,OCEAN,False,False,AUTHORISED_FRAGMENT_CONTROLLED_OTHER_COMPONENT_LAND_REMAINS_UNOWNED
Great Britain,h6000_q-000766_r+001452,lfr_f7386d8fc1a401,hsub_great_britain_main_island,0.02992543,0.006183367,0.036108797,0.8288,0.1712,OCEAN,False,False,AUTHORISED_FRAGMENT_CONTROLLED_OTHER_COMPONENT_LAND_REMAINS_UNOWNED
Great Britain,h6000_q-000854_r+001558,lfr_b40d3b2f72febe,hsub_great_britain_main_island,0.147313494,0.028245413,0.175558906,0.8391,0.1609,OCEAN,False,False,AUTHORISED_FRAGMENT_CONTROLLED_OTHER_COMPONENT_LAND_REMAINS_UNOWNED
Great Britain,h6000_q-000850_r+001557,lfr_3c72dc1ad07b33,hsub_great_britain_main_island,0.004410878,0.000796149,0.005207027,0.8471,0.1529,OCEAN,False,False,AUTHORISED_FRAGMENT_CONTROLLED_OTHER_COMPONENT_LAND_REMAINS_UNOWNED
Great Britain,h6000_q-000856_r+001497,lfr_6c6f2a628879ee,hsub_great_britain_main_island,0.068779282,0.011823157,0.080602439,0.8533,0.1467,OCEAN,False,False,AUTHORISED_FRAGMENT_CONTROLLED_OTHER_COMPONENT_LAND_REMAINS_UNOWNED
Great Britain,h6000_q-000776_r+001411,lfr_6717f22e2d1d78,hsub_great_britain_main_island,1.454782702,0.239238386,1.694021088,0.8588,0.1412,OCEAN,False,False,AUTHORISED_FRAGMENT_CONTROLLED_OTHER_COMPONENT_LAND_REMAINS_UNOWNED
Great Britain,h6000_q-000668_r+001264,lfr_4d303e88e44890,hsub_great_britain_main_island,4.211418289,0.68493944,4.896357729,0.8601,0.1399,OCEAN,False,False,AUTHORISED_FRAGMENT_CONTROLLED_OTHER_COMPONENT_LAND_REMAINS_UNOWNED
Great Britain,h6000_q-000631_r+001293,lfr_f73988530eecbe,hsub_great_britain_main_island,5.105018945,0.785922081,5.890941025,0.8666,0.1334,OCEAN,False,False,AUTHORISED_FRAGMENT_CONTROLLED_OTHER_COMPONENT_LAND_REMAINS_UNOWNED
Great Britain,h6000_q-000675_r+001260,lfr_115746fb9cbcff,hsub_great_britain_main_island,0.969644936,0.149176612,1.118821548,0.8667,0.1333,OCEAN,False,False,AUTHORISED_FRAGMENT_CONTROLLED_OTHER_COMPONENT_LAND_REMAINS_UNOWNED
Great Britain,h6000_q-000859_r+001505,lfr_883e01690797f0,hsub_great_britain_main_island,1.64942235,0.227842309,1.877264659,0.8786,0.1214,OCEAN,False,False,AUTHORISED_FRAGMENT_CONTROLLED_OTHER_COMPONENT_LAND_REMAINS_UNOWNED
Great Britain,h6000_q-000747_r+001299,lfr_d9e8a5d8999f86,hsub_great_britain_main_island,1.186661284,0.151276279,1.337937563,0.8869,0.1131,OCEAN,False,False,AUTHORISED_FRAGMENT_CONTROLLED_OTHER_COMPONENT_LAND_REMAINS_UNOWNED
Great Britain,h6000_q-000693_r+001247,lfr_af052e1de95a60,hsub_great_britain_main_island,0.018527594,0.002352599,0.020880193,0.8873,0.1127,OCEAN,False,False,AUTHORISED_FRAGMENT_CONTROLLED_OTHER_COMPONENT_LAND_REMAINS_UNOWNED
Great Britain,h6000_q-000870_r+001550,lfr_bad8c6a27c9f90,hsub_great_britain_main_island,2.855473815,0.35190835,3.207382164,0.8903,0.1097,OCEAN,False,False,AUTHORISED_FRAGMENT_CONTROLLED_OTHER_COMPONENT_LAND_REMAINS_UNOWNED
Great Britain,h6000_q-000743_r+001429,lfr_7cb78374dabdfe,hsub_great_britain_main_island,1.124237,0.12611276,1.25034976,0.8991,0.1009,OCEAN,False,False,AUTHORISED_FRAGMENT_CONTROLLED_OTHER_COMPONENT_LAND_REMAINS_UNOWNED
Great Britain,h6000_q-000866_r+001530,lfr_93b74fffaf59b4,hsub_great_britain_main_island,0.011958919,0.001341537,0.013300456,0.8991,0.1009,OCEAN,False,False,AUTHORISED_FRAGMENT_CONTROLLED_OTHER_COMPONENT_LAND_REMAINS_UNOWNED
Great Britain,h6000_q-000652_r+001343,lfr_c6ca4612c2eaa0,hsub_great_britain_main_island,1.458868089,0.16173558,1.620603669,0.9002,0.0998,OCEAN,False,False,AUTHORISED_FRAGMENT_CONTROLLED_OTHER_COMPONENT_LAND_REMAINS_UNOWNED
Great Britain,h6000_q-000780_r+001408,lfr_3543b65ce148c7,hsub_great_britain_main_island,1.354112899,0.150003132,1.50411603,0.9003,0.0997,OCEAN,False,False,AUTHORISED_FRAGMENT_CONTROLLED_OTHER_COMPONENT_LAND_REMAINS_UNOWNED
Great Britain,h6000_q-000854_r+001490,lfr_fd917cf62837ab,hsub_great_britain_main_island,4.045122184,0.43768634,4.482808524,0.9024,0.0976,OCEAN,False,False,AUTHORISED_FRAGMENT_CONTROLLED_OTHER_COMPONENT_LAND_REMAINS_UNOWNED
Great Britain,h6000_q-000871_r+001544,lfr_4f9ec0c3e07c89,hsub_great_britain_main_island,0.090020403,0.009325394,0.099345797,0.9061,0.0939,OCEAN,False,False,AUTHORISED_FRAGMENT_CONTROLLED_OTHER_COMPONENT_LAND_REMAINS_UNOWNED
Great Britain,h6000_q-000833_r+001455,lfr_542fa0587681f8,hsub_great_britain_main_island,1.178237664,0.10591666,1.284154323,0.9175,0.0825,OCEAN,False,False,AUTHORISED_FRAGMENT_CONTROLLED_OTHER_COMPONENT_LAND_REMAINS_UNOWNED
Great Britain,h6000_q-000864_r+001553,lfr_bdf853bd49e546,hsub_great_britain_main_island,3.311875002,0.291274209,3.603149211,0.9192,0.0808,OCEAN,False,False,AUTHORISED_FRAGMENT_CONTROLLED_OTHER_COMPONENT_LAND_REMAINS_UNOWNED
Great Britain,h6000_q-000834_r+001460,lfr_eae8dd5dd3070c,hsub_great_britain_main_island,2.28127817,0.199186028,2.480464199,0.9197,0.0803,OCEAN,False,False,AUTHORISED_FRAGMENT_CONTROLLED_OTHER_COMPONENT_LAND_REMAINS_UNOWNED
Great Britain,h6000_q-000669_r+001342,lfr_27da4c0700d6bf,hsub_great_britain_main_island,0.664548099,0.054207428,0.718755527,0.9246,0.0754,OCEAN,False,False,AUTHORISED_FRAGMENT_CONTROLLED_OTHER_COMPONENT_LAND_REMAINS_UNOWNED
Great Britain,h6000_q-000843_r+001474,lfr_7833a65db0623b,hsub_great_britain_main_island,1.195983086,0.095567608,1.291550694,0.926,0.074,OCEAN,False,False,AUTHORISED_FRAGMENT_CONTROLLED_OTHER_COMPONENT_LAND_REMAINS_UNOWNED
Great Britain,h6000_q-000727_r+001294,lfr_4b81450a8ba11b,hsub_great_britain_main_island,1.493394833,0.11580768,1.609202513,0.928,0.072,OCEAN,False,False,AUTHORISED_FRAGMENT_CONTROLLED_OTHER_COMPONENT_LAND_REMAINS_UNOWNED
Great Britain,h6000_q-000813_r+001445,lfr_9edb2f06ffbfa0,hsub_great_britain_main_island,2.549871299,0.186893636,2.736764935,0.9317,0.0683,OCEAN,False,False,AUTHORISED_FRAGMENT_CONTROLLED_OTHER_COMPONENT_LAND_REMAINS_UNOWNED
Great Britain,h6000_q-000720_r+001262,lfr_20262b98ffbed8,hsub_great_britain_main_island,0.055037852,0.004004791,0.059042643,0.9322,0.0678,OCEAN,False,False,AUTHORISED_FRAGMENT_CONTROLLED_OTHER_COMPONENT_LAND_REMAINS_UNOWNED
Great Britain,h6000_q-000744_r+001313,lfr_83fcc513f94d0a,hsub_great_britain_main_island,1.167578094,0.083334912,1.250913006,0.9334,0.0666,OCEAN,False,False,AUTHORISED_FRAGMENT_CONTROLLED_OTHER_COMPONENT_LAND_REMAINS_UNOWNED
Great Britain,h6000_q-000870_r+001548,lfr_53d37728460eff,hsub_great_britain_main_island,3.292694097,0.234671233,3.52736533,0.9335,0.0665,OCEAN,False,False,AUTHORISED_FRAGMENT_CONTROLLED_OTHER_COMPONENT_LAND_REMAINS_UNOWNED
Great Britain,h6000_q-000860_r+001556,lfr_00b61bd08eb707,hsub_great_britain_main_island,0.945509422,0.067022919,1.012532342,0.9338,0.0662,OCEAN,False,False,AUTHORISED_FRAGMENT_CONTROLLED_OTHER_COMPONENT_LAND_REMAINS_UNOWNED
Great Britain,h6000_q-000845_r+001475,lfr_db68f47d8aa60c,hsub_great_britain_main_island,2.492498935,0.174401623,2.666900558,0.9346,0.0654,OCEAN,False,False,AUTHORISED_FRAGMENT_CONTROLLED_OTHER_COMPONENT_LAND_REMAINS_UNOWNED
Great Britain,h6000_q-000658_r+001268,lfr_f42e57275e571e,hsub_great_britain_main_island,0.520479977,0.035357614,0.555837592,0.9364,0.0636,OCEAN,False,False,AUTHORISED_FRAGMENT_CONTROLLED_OTHER_COMPONENT_LAND_REMAINS_UNOWNED
Great Britain,h6000_q-000728_r+001243,lfr_e3f7ccf6e4358c,hsub_great_britain_main_island,0.111454544,0.007446976,0.11890152,0.9374,0.0626,OCEAN,False,False,AUTHORISED_FRAGMENT_CONTROLLED_OTHER_COMPONENT_LAND_REMAINS_UNOWNED
Great Britain,h6000_q-000754_r+001441,lfr_45366d831d5249,hsub_great_britain_main_island,3.431766103,0.223776181,3.655542284,0.9388,0.0612,OCEAN,False,False,AUTHORISED_FRAGMENT_CONTROLLED_OTHER_COMPONENT_LAND_REMAINS_UNOWNED
Great Britain,h6000_q-000854_r+001557,lfr_e7f4d9cd9f4adb,hsub_great_britain_main_island,0.516100338,0.033325878,0.549426216,0.9393,0.0607,OCEAN,False,False,AUTHORISED_FRAGMENT_CONTROLLED_OTHER_COMPONENT_LAND_REMAINS_UNOWNED
Great Britain,h6000_q-000838_r+001560,lfr_31b197cd41cc31,hsub_great_britain_main_island,0.427608346,0.027272771,0.454881117,0.94,0.06,OCEAN,False,False,AUTHORISED_FRAGMENT_CONTROLLED_OTHER_COMPONENT_LAND_REMAINS_UNOWNED
Great Britain,h6000_q-000656_r+001343,lfr_924574664116c8,hsub_great_britain_main_island,4.963074608,0.303764636,5.266839244,0.9423,0.0577,OCEAN,False,False,AUTHORISED_FRAGMENT_CONTROLLED_OTHER_COMPONENT_LAND_REMAINS_UNOWNED
Great Britain,h6000_q-000821_r+001449,lfr_f0e52d66c8883e,hsub_great_britain_main_island,2.98517361,0.173817368,3.158990978,0.945,0.055,OCEAN,False,False,AUTHORISED_FRAGMENT_CONTROLLED_OTHER_COMPONENT_LAND_REMAINS_UNOWNED
Great Britain,h6000_q-000868_r+001537,lfr_30825c42ec2e3f,hsub_great_britain_main_island,0.337337595,0.018702802,0.356040398,0.9475,0.0525,OCEAN,False,False,AUTHORISED_FRAGMENT_CONTROLLED_OTHER_COMPONENT_LAND_REMAINS_UNOWNED
Great Britain,h6000_q-000833_r+001459,lfr_d884b6c34bb0b8,hsub_great_britain_main_island,1.402182174,0.076118314,1.478300488,0.9485,0.0515,OCEAN,False,False,AUTHORISED_FRAGMENT_CONTROLLED_OTHER_COMPONENT_LAND_REMAINS_UNOWNED
Great Britain,h6000_q-000634_r+001300,lfr_f5cdac3d562101,hsub_great_britain_main_island,4.976638704,0.268140027,5.244778731,0.9489,0.0511,OCEAN,False,False,AUTHORISED_FRAGMENT_CONTROLLED_OTHER_COMPONENT_LAND_REMAINS_UNOWNED
Great Britain,h6000_q-000746_r+001338,lfr_95ea3f43bd61de,hsub_great_britain_main_island,0.521473364,0.027540056,0.549013419,0.9498,0.0502,OCEAN,False,False,AUTHORISED_FRAGMENT_CONTROLLED_OTHER_COMPONENT_LAND_REMAINS_UNOWNED
Great Britain,h6000_q-000865_r+001556,lfr_ef88d9190dd002,hsub_great_britain_main_island,3.940854594,0.204641852,4.145496447,0.9506,0.0494,OCEAN,False,False,AUTHORISED_FRAGMENT_CONTROLLED_OTHER_COMPONENT_LAND_REMAINS_UNOWNED
Great Britain,h6000_q-000830_r+001450,lfr_dbd78c2b679239,hsub_great_britain_main_island,0.711952557,0.035083423,0.74703598,0.953,0.047,OCEAN,False,False,AUTHORISED_FRAGMENT_CONTROLLED_OTHER_COMPONENT_LAND_REMAINS_UNOWNED
Great Britain,h6000_q-000855_r+001495,lfr_d92f335b6d7538,hsub_great_britain_main_island,0.696699603,0.033452217,0.73015182,0.9542,0.0458,OCEAN,False,False,AUTHORISED_FRAGMENT_CONTROLLED_OTHER_COMPONENT_LAND_REMAINS_UNOWNED
Great Britain,h6000_q-000863_r+001509,lfr_cee17e219454d0,hsub_great_britain_main_island,0.283508303,0.0130032,0.296511502,0.9561,0.0439,OCEAN,False,False,AUTHORISED_FRAGMENT_CONTROLLED_OTHER_COMPONENT_LAND_REMAINS_UNOWNED
Great Britain,h6000_q-000665_r+001338,lfr_e6e856fa449300,hsub_great_britain_main_island,3.833727255,0.168435967,4.002163222,0.9579,0.0421,OCEAN,False,False,AUTHORISED_FRAGMENT_CONTROLLED_OTHER_COMPONENT_LAND_REMAINS_UNOWNED
Great Britain,h6000_q-000697_r+001282,lfr_95cf855e4da344,hsub_great_britain_main_island,3.867065544,0.167326584,4.034392128,0.9585,0.0415,OCEAN,False,False,AUTHORISED_FRAGMENT_CONTROLLED_OTHER_COMPONENT_LAND_REMAINS_UNOWNED
Great Britain,h6000_q-000720_r+001263,lfr_6b5cff5c45ee40,hsub_great_britain_main_island,2.615244107,0.109453633,2.724697741,0.9598,0.0402,OCEAN,False,False,AUTHORISED_FRAGMENT_CONTROLLED_OTHER_COMPONENT_LAND_REMAINS_UNOWNED
Great Britain,h6000_q-000617_r+001288,lfr_df1a5473f25219,hsub_great_britain_main_island,0.005389422,0.000221912,0.005611334,0.9605,0.0395,OCEAN,False,False,AUTHORISED_FRAGMENT_CONTROLLED_OTHER_COMPONENT_LAND_REMAINS_UNOWNED
Great Britain,h6000_q-000715_r+001243,lfr_53665e7d72f54b,hsub_great_britain_main_island,0.033517402,0.001297025,0.034814426,0.9627,0.0373,OCEAN,False,False,AUTHORISED_FRAGMENT_CONTROLLED_OTHER_COMPONENT_LAND_REMAINS_UNOWNED
Great Britain,h6000_q-000661_r+001343,lfr_01628d038cbf7a,hsub_great_britain_main_island,4.865713633,0.185011115,5.050724748,0.9634,0.0366,OCEAN,False,False,AUTHORISED_FRAGMENT_CONTROLLED_OTHER_COMPONENT_LAND_REMAINS_UNOWNED
Great Britain,h6000_q-000628_r+001304,lfr_eeb1192cd65351,hsub_great_britain_main_island,3.098635719,0.114224833,3.212860552,0.9644,0.0356,OCEAN,False,False,AUTHORISED_FRAGMENT_CONTROLLED_OTHER_COMPONENT_LAND_REMAINS_UNOWNED
Great Britain,h6000_q-000830_r+001449,lfr_e8b454673f692e,hsub_great_britain_main_island,0.103934711,0.00381337,0.107748081,0.9646,0.0354,OCEAN,False,False,AUTHORISED_FRAGMENT_CONTROLLED_OTHER_COMPONENT_LAND_REMAINS_UNOWNED
Great Britain,h6000_q-000734_r+001353,lfr_1992e7299f7649,hsub_great_britain_main_island,4.443884241,0.14772824,4.591612481,0.9678,0.0322,OCEAN,False,False,AUTHORISED_FRAGMENT_CONTROLLED_OTHER_COMPONENT_LAND_REMAINS_UNOWNED
Great Britain,h6000_q-000869_r+001540,lfr_632394048a46c6,hsub_great_britain_main_island,0.186576562,0.006126288,0.19270285,0.9682,0.0318,OCEAN,False,False,AUTHORISED_FRAGMENT_CONTROLLED_OTHER_COMPONENT_LAND_REMAINS_UNOWNED
Great Britain,h6000_q-000788_r+001454,lfr_a514867ab99aa8,hsub_great_britain_main_island,3.592036466,0.114492264,3.70652873,0.9691,0.0309,OCEAN,False,False,AUTHORISED_FRAGMENT_CONTROLLED_OTHER_COMPONENT_LAND_REMAINS_UNOWNED
Great Britain,h6000_q-000868_r+001544,lfr_00920b942f85cd,hsub_great_britain_main_island,0.678847217,0.021238308,0.700085525,0.9697,0.0303,OCEAN,False,False,AUTHORISED_FRAGMENT_CONTROLLED_OTHER_COMPONENT_LAND_REMAINS_UNOWNED
Great Britain,h6000_q-000655_r+001268,lfr_e92d5e8ee32cf4,hsub_great_britain_main_island,4.929808791,0.150683116,5.080491907,0.9703,0.0297,OCEAN,False,False,AUTHORISED_FRAGMENT_CONTROLLED_OTHER_COMPONENT_LAND_REMAINS_UNOWNED
Great Britain,h6000_q-000810_r+001441,lfr_9001eaec1ad6c9,hsub_great_britain_main_island,3.108548217,0.094427306,3.202975522,0.9705,0.0295,OCEAN,False,False,AUTHORISED_FRAGMENT_CONTROLLED_OTHER_COMPONENT_LAND_REMAINS_UNOWNED
Great Britain,h6000_q-000703_r+001252,lfr_eefc508fc0fe01,hsub_great_britain_main_island,1.023756718,0.030930128,1.054686845,0.9707,0.0293,OCEAN,False,False,AUTHORISED_FRAGMENT_CONTROLLED_OTHER_COMPONENT_LAND_REMAINS_UNOWNED
Great Britain,h6000_q-000857_r+001484,lfr_aa25fdf84be7b6,hsub_great_britain_main_island,0.73336027,0.02207773,0.755438,0.9708,0.0292,OCEAN,False,False,AUTHORISED_FRAGMENT_CONTROLLED_OTHER_COMPONENT_LAND_REMAINS_UNOWNED
Great Britain,h6000_q-000852_r+001489,lfr_c42ff2157662d2,hsub_great_britain_main_island,3.392338789,0.101771196,3.494109985,0.9709,0.0291,OCEAN,False,False,AUTHORISED_FRAGMENT_CONTROLLED_OTHER_COMPONENT_LAND_REMAINS_UNOWNED
Great Britain,h6000_q-000854_r+001499,lfr_41074cfecb04a2,hsub_great_britain_main_island,3.46674066,0.103576727,3.570317387,0.971,0.029,OCEAN,False,False,AUTHORISED_FRAGMENT_CONTROLLED_OTHER_COMPONENT_LAND_REMAINS_UNOWNED
Great Britain,h6000_q-000738_r+001357,lfr_4277330cb086a0,hsub_great_britain_main_island,1.602528588,0.047157438,1.649686027,0.9714,0.0286,OCEAN,False,False,AUTHORISED_FRAGMENT_CONTROLLED_OTHER_COMPONENT_LAND_REMAINS_UNOWNED
Great Britain,h6000_q-000861_r+001507,lfr_360bb77c27787d,hsub_great_britain_main_island,1.669758265,0.047718859,1.717477124,0.9722,0.0278,OCEAN,False,False,AUTHORISED_FRAGMENT_CONTROLLED_OTHER_COMPONENT_LAND_REMAINS_UNOWNED
Great Britain,h6000_q-000867_r+001516,lfr_88844dab67f530,hsub_great_britain_main_island,0.038103889,0.001084463,0.039188352,0.9723,0.0277,OCEAN,False,False,AUTHORISED_FRAGMENT_CONTROLLED_OTHER_COMPONENT_LAND_REMAINS_UNOWNED
Great Britain,h6000_q-000864_r+001554,lfr_49be765d8301c8,hsub_great_britain_main_island,3.654125365,0.102626108,3.756751473,0.9727,0.0273,OCEAN,False,False,AUTHORISED_FRAGMENT_CONTROLLED_OTHER_COMPONENT_LAND_REMAINS_UNOWNED
Great Britain,h6000_q-000870_r+001537,lfr_0272fc0227b0e3,hsub_great_britain_main_island,0.671726113,0.018637017,0.69036313,0.973,0.027,OCEAN,False,False,AUTHORISED_FRAGMENT_CONTROLLED_OTHER_COMPONENT_LAND_REMAINS_UNOWNED
Great Britain,h6000_q-000837_r+001472,lfr_063f8976ebae13,hsub_great_britain_main_island,4.273595259,0.116842525,4.390437784,0.9734,0.0266,OCEAN,False,False,AUTHORISED_FRAGMENT_CONTROLLED_OTHER_COMPONENT_LAND_REMAINS_UNOWNED
Great Britain,h6000_q-000828_r+001455,lfr_b36715752cd674,hsub_great_britain_main_island,4.709110845,0.124691555,4.833802401,0.9742,0.0258,OCEAN,False,False,AUTHORISED_FRAGMENT_CONTROLLED_OTHER_COMPONENT_LAND_REMAINS_UNOWNED
Great Britain,h6000_q-000859_r+001507,lfr_4e7b63d7f57130,hsub_great_britain_main_island,1.417075649,0.03731626,1.454391908,0.9743,0.0257,OCEAN,False,False,AUTHORISED_FRAGMENT_CONTROLLED_OTHER_COMPONENT_LAND_REMAINS_UNOWNED
Great Britain,h6000_q-000814_r+001522,lfr_3823147e3d4410,hsub_great_britain_main_island,0.200278999,0.005024116,0.205303115,0.9755,0.0245,OCEAN,False,False,AUTHORISED_FRAGMENT_CONTROLLED_OTHER_COMPONENT_LAND_REMAINS_UNOWNED
Great Britain,h6000_q-000667_r+001340,lfr_ac16d1cc7dbcda,hsub_great_britain_main_island,1.509402237,0.036790923,1.54619316,0.9762,0.0238,OCEAN,False,False,AUTHORISED_FRAGMENT_CONTROLLED_OTHER_COMPONENT_LAND_REMAINS_UNOWNED
Great Britain,h6000_q-000831_r+001451,lfr_a58b8e0a57b23b,hsub_great_britain_main_island,4.33111407,0.104257438,4.435371508,0.9765,0.0235,OCEAN,False,False,AUTHORISED_FRAGMENT_CONTROLLED_OTHER_COMPONENT_LAND_REMAINS_UNOWNED
Great Britain,h6000_q-000777_r+001457,lfr_2c9c8bd7da5b44,hsub_great_britain_main_island,0.20065749,0.004730413,0.205387903,0.977,0.023,OCEAN,False,False,AUTHORISED_FRAGMENT_CONTROLLED_OTHER_COMPONENT_LAND_REMAINS_UNOWNED
Great Britain,h6000_q-000727_r+001296,lfr_8f4a7a2c084e4e,hsub_great_britain_main_island,4.933071491,0.112833332,5.045904824,0.9776,0.0224,OCEAN,False,False,AUTHORISED_FRAGMENT_CONTROLLED_OTHER_COMPONENT_LAND_REMAINS_UNOWNED
Great Britain,h6000_q-000862_r+001508,lfr_3263e179583984,hsub_great_britain_main_island,3.734906097,0.084409381,3.819315478,0.9779,0.0221,OCEAN,False,False,AUTHORISED_FRAGMENT_CONTROLLED_OTHER_COMPONENT_LAND_REMAINS_UNOWNED
Great Britain,h6000_q-000726_r+001296,lfr_c5dca50eba268c,hsub_great_britain_main_island,3.559158108,0.07659054,3.635748649,0.9789,0.0211,OCEAN,False,False,AUTHORISED_FRAGMENT_CONTROLLED_OTHER_COMPONENT_LAND_REMAINS_UNOWNED
Great Britain,h6000_q-000702_r+001251,lfr_94d2b1357b5582,hsub_great_britain_main_island,1.64709846,0.035352818,1.682451278,0.979,0.021,OCEAN,False,False,AUTHORISED_FRAGMENT_CONTROLLED_OTHER_COMPONENT_LAND_REMAINS_UNOWNED
Great Britain,h6000_q-000856_r+001504,lfr_f42998bb7caf60,hsub_great_britain_main_island,2.227659121,0.047721295,2.275380416,0.979,0.021,OCEAN,False,False,AUTHORISED_FRAGMENT_CONTROLLED_OTHER_COMPONENT_LAND_REMAINS_UNOWNED
Great Britain,h6000_q-000749_r+001310,lfr_59ea087770b7fd,hsub_great_britain_main_island,1.633477748,0.034389106,1.667866854,0.9794,0.0206,OCEAN,False,False,AUTHORISED_FRAGMENT_CONTROLLED_OTHER_COMPONENT_LAND_REMAINS_UNOWNED
Great Britain,h6000_q-000823_r+001449,lfr_181bc0c1c60cb7,hsub_great_britain_main_island,2.895404489,0.060248072,2.955652561,0.9796,0.0204,OCEAN,False,False,AUTHORISED_FRAGMENT_CONTROLLED_OTHER_COMPONENT_LAND_REMAINS_UNOWNED
Great Britain,h6000_q-000738_r+001421,lfr_e4f03a7174c12f,hsub_great_britain_main_island,1.960319545,0.040545269,2.000864814,0.9797,0.0203,OCEAN,False,False,AUTHORISED_FRAGMENT_CONTROLLED_OTHER_COMPONENT_LAND_REMAINS_UNOWNED
Iceland,h6000_q-001180_r+001832,lfr_a97603cc381f1f,hsub_iceland_main_island,1.0205e-05,0.034226387,0.034236592,0.0003,0.9997,OCEAN,False,False,AUTHORISED_FRAGMENT_CONTROLLED_OTHER_COMPONENT_LAND_REMAINS_UNOWNED
Iceland,h6000_q-001353_r+001875,lfr_58c68b2f3aaad1,hsub_iceland_main_island,0.000642099,0.081095861,0.081737961,0.0079,0.9921,OCEAN,False,False,AUTHORISED_FRAGMENT_CONTROLLED_OTHER_COMPONENT_LAND_REMAINS_UNOWNED
Iceland,h6000_q-001333_r+001836,lfr_3ea1bcc871eec6,hsub_iceland_main_island,0.00372267,0.261680895,0.265403564,0.014,0.986,OCEAN,False,False,AUTHORISED_FRAGMENT_CONTROLLED_OTHER_COMPONENT_LAND_REMAINS_UNOWNED
Iceland,h6000_q-001183_r+001814,lfr_1169943babe9aa,hsub_iceland_main_island,0.001027304,0.071320392,0.072347696,0.0142,0.9858,OCEAN,False,False,AUTHORISED_FRAGMENT_CONTROLLED_OTHER_COMPONENT_LAND_REMAINS_UNOWNED
Iceland,h6000_q-001352_r+001850,lfr_861746e0426cd0,hsub_iceland_main_island,0.008500879,0.210577763,0.219078642,0.0388,0.9612,OCEAN,False,False,AUTHORISED_FRAGMENT_CONTROLLED_OTHER_COMPONENT_LAND_REMAINS_UNOWNED
Iceland,h6000_q-001346_r+001873,lfr_9a69c27ca10341,hsub_iceland_main_island,0.009456379,0.133819523,0.143275901,0.066,0.934,OCEAN,False,False,AUTHORISED_FRAGMENT_CONTROLLED_OTHER_COMPONENT_LAND_REMAINS_UNOWNED
Iceland,h6000_q-001337_r+001838,lfr_952100c34bb22c,hsub_iceland_main_island,0.04603619,0.623621338,0.669657528,0.0687,0.9313,OCEAN,False,False,AUTHORISED_FRAGMENT_CONTROLLED_OTHER_COMPONENT_LAND_REMAINS_UNOWNED
Iceland,h6000_q-001349_r+001853,lfr_55ec277aad26bc,hsub_iceland_main_island,0.079825385,0.4803605,0.560185885,0.1425,0.8575,OCEAN,False,False,AUTHORISED_FRAGMENT_CONTROLLED_OTHER_COMPONENT_LAND_REMAINS_UNOWNED
Iceland,h6000_q-001348_r+001858,lfr_9c1ccc0d9e8783,hsub_iceland_main_island,0.067209467,0.372351234,0.439560701,0.1529,0.8471,OCEAN,False,False,AUTHORISED_FRAGMENT_CONTROLLED_OTHER_COMPONENT_LAND_REMAINS_UNOWNED
Iceland,h6000_q-001343_r+001852,lfr_17cb1af6ac2e20,hsub_iceland_main_island,0.136443545,0.752842562,0.889286107,0.1534,0.8466,OCEAN,False,False,AUTHORISED_FRAGMENT_CONTROLLED_OTHER_COMPONENT_LAND_REMAINS_UNOWNED
Iceland,h6000_q-001178_r+001837,lfr_0a894798f5dc24,hsub_iceland_main_island,0.024704747,0.1250004,0.149705146,0.165,0.835,OCEAN,False,False,AUTHORISED_FRAGMENT_CONTROLLED_OTHER_COMPONENT_LAND_REMAINS_UNOWNED
Iceland,h6000_q-001352_r+001873,lfr_07a1878e6c47b7,hsub_iceland_main_island,0.090276872,0.354612045,0.444888918,0.2029,0.7971,OCEAN,False,False,AUTHORISED_FRAGMENT_CONTROLLED_OTHER_COMPONENT_LAND_REMAINS_UNOWNED
Iceland,h6000_q-001283_r+001894,lfr_504b8ccfd8e038,hsub_iceland_main_island,0.013315877,0.04673293,0.060048807,0.2218,0.7782,OCEAN,False,False,AUTHORISED_FRAGMENT_CONTROLLED_OTHER_COMPONENT_LAND_REMAINS_UNOWNED
Iceland,h6000_q-001336_r+001838,lfr_bbea442179ff4d,hsub_iceland_main_island,0.071806247,0.24538402,0.317190267,0.2264,0.7736,OCEAN,False,False,AUTHORISED_FRAGMENT_CONTROLLED_OTHER_COMPONENT_LAND_REMAINS_UNOWNED
Iceland,h6000_q-001349_r+001850,lfr_21cd086eeec2f8,hsub_iceland_main_island,0.180269404,0.610674369,0.790943772,0.2279,0.7721,OCEAN,False,False,AUTHORISED_FRAGMENT_CONTROLLED_OTHER_COMPONENT_LAND_REMAINS_UNOWNED
Iceland,h6000_q-001274_r+001901,lfr_99b8a5386818c8,hsub_iceland_main_island,0.000607613,0.001705785,0.002313398,0.2626,0.7374,OCEAN,False,False,AUTHORISED_FRAGMENT_CONTROLLED_OTHER_COMPONENT_LAND_REMAINS_UNOWNED
Iceland,h6000_q-001191_r+001812,lfr_b0cf7da93e87c4,hsub_iceland_main_island,0.271719447,0.703438004,0.975157451,0.2786,0.7214,OCEAN,False,False,AUTHORISED_FRAGMENT_CONTROLLED_OTHER_COMPONENT_LAND_REMAINS_UNOWNED
Iceland,h6000_q-001333_r+001835,lfr_2d6e71b31935d2,hsub_iceland_main_island,0.324020996,0.622788669,0.946809665,0.3422,0.6578,OCEAN,False,False,AUTHORISED_FRAGMENT_CONTROLLED_OTHER_COMPONENT_LAND_REMAINS_UNOWNED
Iceland,h6000_q-001347_r+001873,lfr_483aa3e00bc59a,hsub_iceland_main_island,0.124827814,0.192458674,0.317286488,0.3934,0.6066,OCEAN,False,False,AUTHORISED_FRAGMENT_CONTROLLED_OTHER_COMPONENT_LAND_REMAINS_UNOWNED
Iceland,h6000_q-001348_r+001859,lfr_c0ac49ce92744a,hsub_iceland_main_island,0.578410659,0.889511932,1.46792259,0.394,0.606,OCEAN,False,False,AUTHORISED_FRAGMENT_CONTROLLED_OTHER_COMPONENT_LAND_REMAINS_UNOWNED
Iceland,h6000_q-001350_r+001872,lfr_d4f35e68544d41,hsub_iceland_main_island,0.074546378,0.090315081,0.164861459,0.4522,0.5478,OCEAN,False,False,AUTHORISED_FRAGMENT_CONTROLLED_OTHER_COMPONENT_LAND_REMAINS_UNOWNED
Iceland,h6000_q-001347_r+001857,lfr_819ff3bdcdd2e2,hsub_iceland_main_island,0.38547817,0.42500881,0.81048698,0.4756,0.5244,OCEAN,False,False,AUTHORISED_FRAGMENT_CONTROLLED_OTHER_COMPONENT_LAND_REMAINS_UNOWNED
Iceland,h6000_q-001335_r+001837,lfr_9e57f22539c78f,hsub_iceland_main_island,0.76665098,0.819674733,1.586325713,0.4833,0.5167,OCEAN,False,False,AUTHORISED_FRAGMENT_CONTROLLED_OTHER_COMPONENT_LAND_REMAINS_UNOWNED
Iceland,h6000_q-001326_r+001826,lfr_381fe8270bd9c2,hsub_iceland_main_island,0.255759973,0.273239382,0.528999355,0.4835,0.5165,OCEAN,False,False,AUTHORISED_FRAGMENT_CONTROLLED_OTHER_COMPONENT_LAND_REMAINS_UNOWNED
Iceland,h6000_q-001284_r+001895,lfr_dc569b229a4777,hsub_iceland_main_island,0.041488933,0.041063568,0.082552501,0.5026,0.4974,OCEAN,False,False,AUTHORISED_FRAGMENT_CONTROLLED_OTHER_COMPONENT_LAND_REMAINS_UNOWNED
Iceland,h6000_q-001325_r+001824,lfr_d04b2db0434c45,hsub_iceland_main_island,0.292754411,0.251094731,0.543849142,0.5383,0.4617,OCEAN,False,False,AUTHORISED_FRAGMENT_CONTROLLED_OTHER_COMPONENT_LAND_REMAINS_UNOWNED
Iceland,h6000_q-001347_r+001864,lfr_38cb45c276dc8a,hsub_iceland_main_island,0.616427974,0.526823533,1.143251507,0.5392,0.4608,OCEAN,False,False,AUTHORISED_FRAGMENT_CONTROLLED_OTHER_COMPONENT_LAND_REMAINS_UNOWNED
Iceland,h6000_q-001177_r+001836,lfr_54713c1fba5429,hsub_iceland_main_island,0.039980522,0.032496568,0.07247709,0.5516,0.4484,OCEAN,False,False,AUTHORISED_FRAGMENT_CONTROLLED_OTHER_COMPONENT_LAND_REMAINS_UNOWNED
Iceland,h6000_q-001344_r+001873,lfr_e8cf465bcbe016,hsub_iceland_main_island,0.037213355,0.029870768,0.067084123,0.5547,0.4453,OCEAN,False,False,AUTHORISED_FRAGMENT_CONTROLLED_OTHER_COMPONENT_LAND_REMAINS_UNOWNED
Iceland,h6000_q-001324_r+001823,lfr_e95280f591a906,hsub_iceland_main_island,0.751069332,0.599137294,1.350206626,0.5563,0.4437,OCEAN,False,False,AUTHORISED_FRAGMENT_CONTROLLED_OTHER_COMPONENT_LAND_REMAINS_UNOWNED
Iceland,h6000_q-001344_r+001852,lfr_486a2733e6d753,hsub_iceland_main_island,0.850216979,0.636891899,1.487108878,0.5717,0.4283,OCEAN,False,False,AUTHORISED_FRAGMENT_CONTROLLED_OTHER_COMPONENT_LAND_REMAINS_UNOWNED
Iceland,h6000_q-001393_r+001891,lfr_46ab2e7c60cbca,hsub_iceland_main_island,0.005694239,0.003682728,0.009376966,0.6073,0.3927,OCEAN,False,False,AUTHORISED_FRAGMENT_CONTROLLED_OTHER_COMPONENT_LAND_REMAINS_UNOWNED
Iceland,h6000_q-001309_r+001807,lfr_9d5581b47d48bd,hsub_iceland_main_island,1.874596082,1.064857092,2.939453174,0.6377,0.3623,OCEAN,False,False,AUTHORISED_FRAGMENT_CONTROLLED_OTHER_COMPONENT_LAND_REMAINS_UNOWNED
Iceland,h6000_q-001357_r+001876,lfr_16b981bc6df94a,hsub_iceland_main_island,0.128278484,0.067192214,0.195470697,0.6563,0.3437,OCEAN,False,False,AUTHORISED_FRAGMENT_CONTROLLED_OTHER_COMPONENT_LAND_REMAINS_UNOWNED
Iceland,h6000_q-001325_r+001825,lfr_066b4f10c80d46,hsub_iceland_main_island,1.768260362,0.84378384,2.612044202,0.677,0.323,OCEAN,False,False,AUTHORISED_FRAGMENT_CONTROLLED_OTHER_COMPONENT_LAND_REMAINS_UNOWNED
Iceland,h6000_q-001362_r+001876,lfr_f51dee2ae60314,hsub_iceland_main_island,0.525767452,0.242321974,0.768089426,0.6845,0.3155,OCEAN,False,False,AUTHORISED_FRAGMENT_CONTROLLED_OTHER_COMPONENT_LAND_REMAINS_UNOWNED
Iceland,h6000_q-001347_r+001871,lfr_18f35fd231783e,hsub_iceland_main_island,0.23239532,0.105078221,0.337473541,0.6886,0.3114,OCEAN,False,False,AUTHORISED_FRAGMENT_CONTROLLED_OTHER_COMPONENT_LAND_REMAINS_UNOWNED
Iceland,h6000_q-001328_r+001827,lfr_af162a763dce05,hsub_iceland_main_island,1.969294451,0.84430575,2.813600201,0.6999,0.3001,OCEAN,False,False,AUTHORISED_FRAGMENT_CONTROLLED_OTHER_COMPONENT_LAND_REMAINS_UNOWNED
Iceland,h6000_q-001345_r+001851,lfr_2e737849798d84,hsub_iceland_main_island,0.250348423,0.105674233,0.356022656,0.7032,0.2968,OCEAN,False,False,AUTHORISED_FRAGMENT_CONTROLLED_OTHER_COMPONENT_LAND_REMAINS_UNOWNED
Iceland,h6000_q-001179_r+001831,lfr_0727595a3f3f30,hsub_iceland_main_island,0.033395597,0.013049784,0.046445381,0.719,0.281,OCEAN,False,False,AUTHORISED_FRAGMENT_CONTROLLED_OTHER_COMPONENT_LAND_REMAINS_UNOWNED
Iceland,h6000_q-001344_r+001857,lfr_0773f60a3fc1eb,hsub_iceland_main_island,0.557727347,0.194912895,0.752640242,0.741,0.259,OCEAN,False,False,AUTHORISED_FRAGMENT_CONTROLLED_OTHER_COMPONENT_LAND_REMAINS_UNOWNED
Iceland,h6000_q-001349_r+001852,lfr_c2752f53d7c99c,hsub_iceland_main_island,0.783642493,0.267765153,1.051407646,0.7453,0.2547,OCEAN,False,False,AUTHORISED_FRAGMENT_CONTROLLED_OTHER_COMPONENT_LAND_REMAINS_UNOWNED
Iceland,h6000_q-001210_r+001889,lfr_d3ca647aec05bb,hsub_iceland_main_island,0.352654546,0.120001732,0.472656277,0.7461,0.2539,OCEAN,False,False,AUTHORISED_FRAGMENT_CONTROLLED_OTHER_COMPONENT_LAND_REMAINS_UNOWNED
Iceland,h6000_q-001339_r+001852,lfr_f20cd55082fd62,hsub_iceland_main_island,0.194503904,0.06181135,0.256315254,0.7588,0.2412,OCEAN,False,False,AUTHORISED_FRAGMENT_CONTROLLED_OTHER_COMPONENT_LAND_REMAINS_UNOWNED
Iceland,h6000_q-001180_r+001833,lfr_ea509a3daa4185,hsub_iceland_main_island,0.098492049,0.029545116,0.128037166,0.7692,0.2308,OCEAN,False,False,AUTHORISED_FRAGMENT_CONTROLLED_OTHER_COMPONENT_LAND_REMAINS_UNOWNED
Iceland,h6000_q-001308_r+001808,lfr_14f7735ebf3658,hsub_iceland_main_island,1.432407529,0.423323806,1.855731335,0.7719,0.2281,OCEAN,False,False,AUTHORISED_FRAGMENT_CONTROLLED_OTHER_COMPONENT_LAND_REMAINS_UNOWNED
Iceland,h6000_q-001331_r+001906,lfr_081c30e895e674,hsub_iceland_main_island,0.23811535,0.069675583,0.307790933,0.7736,0.2264,OCEAN,False,False,AUTHORISED_FRAGMENT_CONTROLLED_OTHER_COMPONENT_LAND_REMAINS_UNOWNED
Iceland,h6000_q-001192_r+001812,lfr_1c438725a00fc5,hsub_iceland_main_island,1.426690614,0.411175438,1.837866052,0.7763,0.2237,OCEAN,False,False,AUTHORISED_FRAGMENT_CONTROLLED_OTHER_COMPONENT_LAND_REMAINS_UNOWNED
Iceland,h6000_q-001355_r+001875,lfr_b33b453e5b4ad0,hsub_iceland_main_island,0.108089062,0.029953573,0.138042636,0.783,0.217,OCEAN,False,False,AUTHORISED_FRAGMENT_CONTROLLED_OTHER_COMPONENT_LAND_REMAINS_UNOWNED
Iceland,h6000_q-001345_r+001874,lfr_864e5cc17594ca,hsub_iceland_main_island,0.146969977,0.039460019,0.186429996,0.7883,0.2117,OCEAN,False,False,AUTHORISED_FRAGMENT_CONTROLLED_OTHER_COMPONENT_LAND_REMAINS_UNOWNED
Iceland,h6000_q-001239_r+001770,lfr_ce7366f84eec0c,hsub_iceland_main_island,0.049182644,0.01201136,0.061194004,0.8037,0.1963,OCEAN,False,False,AUTHORISED_FRAGMENT_CONTROLLED_OTHER_COMPONENT_LAND_REMAINS_UNOWNED
Iceland,h6000_q-001350_r+001851,lfr_1c295c204d17de,hsub_iceland_main_island,0.401917231,0.088874041,0.490791272,0.8189,0.1811,OCEAN,False,False,AUTHORISED_FRAGMENT_CONTROLLED_OTHER_COMPONENT_LAND_REMAINS_UNOWNED
Iceland,h6000_q-001363_r+001877,lfr_4d4f580eae5b76,hsub_iceland_main_island,0.734991265,0.162567194,0.897558459,0.8189,0.1811,OCEAN,False,False,AUTHORISED_FRAGMENT_CONTROLLED_OTHER_COMPONENT_LAND_REMAINS_UNOWNED
Iceland,h6000_q-001309_r+001818,lfr_92647c673a99af,hsub_iceland_main_island,0.716142983,0.155053681,0.871196664,0.822,0.178,OCEAN,False,False,AUTHORISED_FRAGMENT_CONTROLLED_OTHER_COMPONENT_LAND_REMAINS_UNOWNED
Iceland,h6000_q-001263_r+001929,lfr_72f8078206122d,hsub_iceland_main_island,1.113169297,0.239979356,1.353148653,0.8227,0.1773,OCEAN,False,False,AUTHORISED_FRAGMENT_CONTROLLED_OTHER_COMPONENT_LAND_REMAINS_UNOWNED
Iceland,h6000_q-001320_r+001826,lfr_5d21d4222e2094,hsub_iceland_main_island,0.989529078,0.212122625,1.201651703,0.8235,0.1765,OCEAN,False,False,AUTHORISED_FRAGMENT_CONTROLLED_OTHER_COMPONENT_LAND_REMAINS_UNOWNED
Iceland,h6000_q-001178_r+001838,lfr_c8fbee1b82c7ab,hsub_iceland_main_island,0.03006836,0.006364848,0.036433209,0.8253,0.1747,OCEAN,False,False,AUTHORISED_FRAGMENT_CONTROLLED_OTHER_COMPONENT_LAND_REMAINS_UNOWNED
Iceland,h6000_q-001329_r+001828,lfr_af5d3e949bd4cd,hsub_iceland_main_island,0.40745948,0.083927214,0.491386694,0.8292,0.1708,OCEAN,False,False,AUTHORISED_FRAGMENT_CONTROLLED_OTHER_COMPONENT_LAND_REMAINS_UNOWNED
Iceland,h6000_q-001184_r+001828,lfr_feb6440cfc19ee,hsub_iceland_main_island,0.707535986,0.135763499,0.843299485,0.839,0.161,OCEAN,False,False,AUTHORISED_FRAGMENT_CONTROLLED_OTHER_COMPONENT_LAND_REMAINS_UNOWNED
Iceland,h6000_q-001373_r+001904,lfr_f8a36a84fcf898,hsub_iceland_main_island,0.135925998,0.025418046,0.161344043,0.8425,0.1575,OCEAN,False,False,AUTHORISED_FRAGMENT_CONTROLLED_OTHER_COMPONENT_LAND_REMAINS_UNOWNED
Iceland,h6000_q-001322_r+001822,lfr_fb2f11cae79fa7,hsub_iceland_main_island,0.859648653,0.157869447,1.0175181,0.8448,0.1552,OCEAN,False,False,AUTHORISED_FRAGMENT_CONTROLLED_OTHER_COMPONENT_LAND_REMAINS_UNOWNED
Iceland,h6000_q-001350_r+001902,lfr_0725960c2b932b,hsub_iceland_main_island,0.804956518,0.145882195,0.950838713,0.8466,0.1534,OCEAN,False,False,AUTHORISED_FRAGMENT_CONTROLLED_OTHER_COMPONENT_LAND_REMAINS_UNOWNED
Iceland,h6000_q-001368_r+001877,lfr_8d463573e67f7f,hsub_iceland_main_island,0.283940154,0.047703448,0.331643601,0.8562,0.1438,OCEAN,False,False,AUTHORISED_FRAGMENT_CONTROLLED_OTHER_COMPONENT_LAND_REMAINS_UNOWNED
Iceland,h6000_q-001347_r+001862,lfr_ed53657804df1d,hsub_iceland_main_island,2.033776286,0.331147439,2.364923725,0.86,0.14,OCEAN,False,False,AUTHORISED_FRAGMENT_CONTROLLED_OTHER_COMPONENT_LAND_REMAINS_UNOWNED
Iceland,h6000_q-001351_r+001850,lfr_db458fc6f82fa7,hsub_iceland_main_island,0.138544972,0.022540505,0.161085477,0.8601,0.1399,OCEAN,False,False,AUTHORISED_FRAGMENT_CONTROLLED_OTHER_COMPONENT_LAND_REMAINS_UNOWNED
Iceland,h6000_q-001346_r+001851,lfr_05640af25ed3fa,hsub_iceland_main_island,0.48609107,0.07437792,0.560468989,0.8673,0.1327,OCEAN,False,False,AUTHORISED_FRAGMENT_CONTROLLED_OTHER_COMPONENT_LAND_REMAINS_UNOWNED
Iceland,h6000_q-001348_r+001853,lfr_3ed5f6c34b8eae,hsub_iceland_main_island,1.81207085,0.265872634,2.077943484,0.8721,0.1279,OCEAN,False,False,AUTHORISED_FRAGMENT_CONTROLLED_OTHER_COMPONENT_LAND_REMAINS_UNOWNED
Iceland,h6000_q-001187_r+001811,lfr_e3073858392843,hsub_iceland_main_island,1.040249811,0.151286838,1.191536648,0.873,0.127,OCEAN,False,False,AUTHORISED_FRAGMENT_CONTROLLED_OTHER_COMPONENT_LAND_REMAINS_UNOWNED
Iceland,h6000_q-001177_r+001844,lfr_a5ec62f50aaef9,hsub_iceland_main_island,0.181234854,0.026226381,0.207461235,0.8736,0.1264,OCEAN,False,False,AUTHORISED_FRAGMENT_CONTROLLED_OTHER_COMPONENT_LAND_REMAINS_UNOWNED
Iceland,h6000_q-001191_r+001811,lfr_5770e8f5bd34fd,hsub_iceland_main_island,1.558132829,0.203115357,1.761248186,0.8847,0.1153,OCEAN,False,False,AUTHORISED_FRAGMENT_CONTROLLED_OTHER_COMPONENT_LAND_REMAINS_UNOWNED
Iceland,h6000_q-001360_r+001875,lfr_7093abc11656d6,hsub_iceland_main_island,0.877424854,0.108107689,0.985532543,0.8903,0.1097,OCEAN,False,False,AUTHORISED_FRAGMENT_CONTROLLED_OTHER_COMPONENT_LAND_REMAINS_UNOWNED
Iceland,h6000_q-001348_r+001871,lfr_4f31ac3934050e,hsub_iceland_main_island,0.720305814,0.083071622,0.803377436,0.8966,0.1034,OCEAN,False,False,AUTHORISED_FRAGMENT_CONTROLLED_OTHER_COMPONENT_LAND_REMAINS_UNOWNED
Iceland,h6000_q-001328_r+001881,lfr_277da3d009e0a4,hsub_iceland_main_island,0.021757738,0.002447079,0.024204818,0.8989,0.1011,OCEAN,False,False,AUTHORISED_FRAGMENT_CONTROLLED_OTHER_COMPONENT_LAND_REMAINS_UNOWNED
Iceland,h6000_q-001333_r+001833,lfr_0271633daf9909,hsub_iceland_main_island,0.014280105,0.001520923,0.015801028,0.9037,0.0963,OCEAN,False,False,AUTHORISED_FRAGMENT_CONTROLLED_OTHER_COMPONENT_LAND_REMAINS_UNOWNED
Iceland,h6000_q-001363_r+001878,lfr_6dbe41b8a0179b,hsub_iceland_main_island,0.756307186,0.080082081,0.836389267,0.9043,0.0957,OCEAN,False,False,AUTHORISED_FRAGMENT_CONTROLLED_OTHER_COMPONENT_LAND_REMAINS_UNOWNED
Iceland,h6000_q-001353_r+001876,lfr_9e31f9de152e21,hsub_iceland_main_island,0.620538876,0.062733303,0.683272179,0.9082,0.0918,OCEAN,False,False,AUTHORISED_FRAGMENT_CONTROLLED_OTHER_COMPONENT_LAND_REMAINS_UNOWNED
Iceland,h6000_q-001309_r+001808,lfr_7116eab5d34574,hsub_iceland_main_island,0.829561867,0.081273822,0.910835688,0.9108,0.0892,OCEAN,False,False,AUTHORISED_FRAGMENT_CONTROLLED_OTHER_COMPONENT_LAND_REMAINS_UNOWNED
Iceland,h6000_q-001193_r+001878,lfr_6675bab264ef76,hsub_iceland_main_island,0.050605809,0.004913798,0.055519608,0.9115,0.0885,OCEAN,False,False,AUTHORISED_FRAGMENT_CONTROLLED_OTHER_COMPONENT_LAND_REMAINS_UNOWNED
Iceland,h6000_q-001316_r+001818,lfr_db53a8e8039aca,hsub_iceland_main_island,0.940407842,0.090519862,1.030927704,0.9122,0.0878,OCEAN,False,False,AUTHORISED_FRAGMENT_CONTROLLED_OTHER_COMPONENT_LAND_REMAINS_UNOWNED
Iceland,h6000_q-001347_r+001872,lfr_4cade64483461a,hsub_iceland_main_island,0.468415534,0.043875415,0.512290949,0.9144,0.0856,OCEAN,False,False,AUTHORISED_FRAGMENT_CONTROLLED_OTHER_COMPONENT_LAND_REMAINS_UNOWNED
Iceland,h6000_q-001351_r+001873,lfr_2de3e2b74f4530,hsub_iceland_main_island,1.81374533,0.169004744,1.982750074,0.9148,0.0852,OCEAN,False,False,AUTHORISED_FRAGMENT_CONTROLLED_OTHER_COMPONENT_LAND_REMAINS_UNOWNED
Iceland,h6000_q-001347_r+001859,lfr_866f7ac269b744,hsub_iceland_main_island,2.073646297,0.176964663,2.25061096,0.9214,0.0786,OCEAN,False,False,AUTHORISED_FRAGMENT_CONTROLLED_OTHER_COMPONENT_LAND_REMAINS_UNOWNED
Iceland,h6000_q-001354_r+001905,lfr_b14d59232d983c,hsub_iceland_main_island,0.340094656,0.028365273,0.36845993,0.923,0.077,OCEAN,False,False,AUTHORISED_FRAGMENT_CONTROLLED_OTHER_COMPONENT_LAND_REMAINS_UNOWNED
Iceland,h6000_q-001188_r+001871,lfr_d095669b341962,hsub_iceland_main_island,0.079453742,0.006513806,0.085967548,0.9242,0.0758,OCEAN,False,False,AUTHORISED_FRAGMENT_CONTROLLED_OTHER_COMPONENT_LAND_REMAINS_UNOWNED
Iceland,h6000_q-001359_r+001876,lfr_ee1c38ed9021cd,hsub_iceland_main_island,0.292947093,0.023238456,0.31618555,0.9265,0.0735,OCEAN,False,False,AUTHORISED_FRAGMENT_CONTROLLED_OTHER_COMPONENT_LAND_REMAINS_UNOWNED
Iceland,h6000_q-001348_r+001861,lfr_229355289b1918,hsub_iceland_main_island,0.443198818,0.034456716,0.477655534,0.9279,0.0721,OCEAN,False,False,AUTHORISED_FRAGMENT_CONTROLLED_OTHER_COMPONENT_LAND_REMAINS_UNOWNED
Iceland,h6000_q-001343_r+001872,lfr_0ee08c2a670ee4,hsub_iceland_main_island,1.330115063,0.098580423,1.428695486,0.931,0.069,OCEAN,False,False,AUTHORISED_FRAGMENT_CONTROLLED_OTHER_COMPONENT_LAND_REMAINS_UNOWNED
Iceland,h6000_q-001362_r+001912,lfr_2e94dcf522eb54,hsub_iceland_main_island,0.081992297,0.005649447,0.087641744,0.9355,0.0645,OCEAN,False,False,AUTHORISED_FRAGMENT_CONTROLLED_OTHER_COMPONENT_LAND_REMAINS_UNOWNED
Iceland,h6000_q-001310_r+001807,lfr_3c008f108904db,hsub_iceland_main_island,0.939839072,0.06111662,1.000955692,0.9389,0.0611,OCEAN,False,False,AUTHORISED_FRAGMENT_CONTROLLED_OTHER_COMPONENT_LAND_REMAINS_UNOWNED
Iceland,h6000_q-001364_r+001878,lfr_5b79dbbf769a05,hsub_iceland_main_island,1.100229198,0.0715285,1.171757699,0.939,0.061,OCEAN,False,False,AUTHORISED_FRAGMENT_CONTROLLED_OTHER_COMPONENT_LAND_REMAINS_UNOWNED
Iceland,h6000_q-001184_r+001816,lfr_41eebdbb979da3,hsub_iceland_main_island,1.222392052,0.079180341,1.301572393,0.9392,0.0608,OCEAN,False,False,AUTHORISED_FRAGMENT_CONTROLLED_OTHER_COMPONENT_LAND_REMAINS_UNOWNED
Iceland,h6000_q-001345_r+001850,lfr_9e3aff6f3b44cc,hsub_iceland_main_island,0.121106831,0.007786032,0.128892864,0.9396,0.0604,OCEAN,False,False,AUTHORISED_FRAGMENT_CONTROLLED_OTHER_COMPONENT_LAND_REMAINS_UNOWNED
Iceland,h6000_q-001342_r+001889,lfr_43c49d0534956e,hsub_iceland_main_island,1.834855557,0.117144181,1.951999739,0.94,0.06,OCEAN,False,False,AUTHORISED_FRAGMENT_CONTROLLED_OTHER_COMPONENT_LAND_REMAINS_UNOWNED
Iceland,h6000_q-001317_r+001816,lfr_b60595ff6480b9,hsub_iceland_main_island,2.577098156,0.157651853,2.73475001,0.9424,0.0576,OCEAN,False,False,AUTHORISED_FRAGMENT_CONTROLLED_OTHER_COMPONENT_LAND_REMAINS_UNOWNED
Iceland,h6000_q-001347_r+001863,lfr_9e37e1919e3846,hsub_iceland_main_island,1.908688034,0.114905076,2.02359311,0.9432,0.0568,OCEAN,False,False,AUTHORISED_FRAGMENT_CONTROLLED_OTHER_COMPONENT_LAND_REMAINS_UNOWNED
Iceland,h6000_q-001327_r+001827,lfr_c768a171b5e6d4,hsub_iceland_main_island,1.377603972,0.080087846,1.457691818,0.9451,0.0549,OCEAN,False,False,AUTHORISED_FRAGMENT_CONTROLLED_OTHER_COMPONENT_LAND_REMAINS_UNOWNED
Iceland,h6000_q-001361_r+001876,lfr_e31057110838da,hsub_iceland_main_island,1.550016066,0.086161782,1.636177848,0.9473,0.0527,OCEAN,False,False,AUTHORISED_FRAGMENT_CONTROLLED_OTHER_COMPONENT_LAND_REMAINS_UNOWNED
Iceland,h6000_q-001240_r+001770,lfr_81d44d07b87d4f,hsub_iceland_main_island,0.369222417,0.0202494,0.389471817,0.948,0.052,OCEAN,False,False,AUTHORISED_FRAGMENT_CONTROLLED_OTHER_COMPONENT_LAND_REMAINS_UNOWNED
Iceland,h6000_q-001320_r+001824,lfr_45ed375673373d,hsub_iceland_main_island,0.121238313,0.006504821,0.127743134,0.9491,0.0509,OCEAN,False,False,AUTHORISED_FRAGMENT_CONTROLLED_OTHER_COMPONENT_LAND_REMAINS_UNOWNED
Iceland,h6000_q-001336_r+001880,lfr_f0f9dbc8d2a93d,hsub_iceland_main_island,1.673348606,0.084304394,1.757653,0.952,0.048,OCEAN,False,False,AUTHORISED_FRAGMENT_CONTROLLED_OTHER_COMPONENT_LAND_REMAINS_UNOWNED
Iceland,h6000_q-001331_r+001832,lfr_58e5b64f3b8666,hsub_iceland_main_island,0.671276283,0.032349482,0.703625765,0.954,0.046,OCEAN,False,False,AUTHORISED_FRAGMENT_CONTROLLED_OTHER_COMPONENT_LAND_REMAINS_UNOWNED
Iceland,h6000_q-001340_r+001838,lfr_0761ebe9a9183f,hsub_iceland_main_island,0.788801459,0.036935996,0.825737455,0.9553,0.0447,OCEAN,False,False,AUTHORISED_FRAGMENT_CONTROLLED_OTHER_COMPONENT_LAND_REMAINS_UNOWNED
Iceland,h6000_q-001183_r+001863,lfr_a2878d732d4721,hsub_iceland_main_island,0.308772678,0.013553625,0.322326303,0.958,0.042,OCEAN,False,False,AUTHORISED_FRAGMENT_CONTROLLED_OTHER_COMPONENT_LAND_REMAINS_UNOWNED
Iceland,h6000_q-001190_r+001813,lfr_28e1eba7a57256,hsub_iceland_main_island,1.29964362,0.056803321,1.35644694,0.9581,0.0419,OCEAN,False,False,AUTHORISED_FRAGMENT_CONTROLLED_OTHER_COMPONENT_LAND_REMAINS_UNOWNED
Iceland,h6000_q-001385_r+001916,lfr_a9009937d1e6af,hsub_iceland_main_island,0.131298891,0.00555559,0.13685448,0.9594,0.0406,OCEAN,False,False,AUTHORISED_FRAGMENT_CONTROLLED_OTHER_COMPONENT_LAND_REMAINS_UNOWNED
Iceland,h6000_q-001344_r+001866,lfr_22bdb2a035039b,hsub_iceland_main_island,2.039645174,0.084042192,2.123687366,0.9604,0.0396,OCEAN,False,False,AUTHORISED_FRAGMENT_CONTROLLED_OTHER_COMPONENT_LAND_REMAINS_UNOWNED
Iceland,h6000_q-001367_r+001877,lfr_3d7007cc186013,hsub_iceland_main_island,1.609895811,0.066436822,1.676332632,0.9604,0.0396,OCEAN,False,False,AUTHORISED_FRAGMENT_CONTROLLED_OTHER_COMPONENT_LAND_REMAINS_UNOWNED
Iceland,h6000_q-001238_r+001770,lfr_a8215e1e1717a6,hsub_iceland_main_island,0.174089003,0.007156852,0.181245855,0.9605,0.0395,OCEAN,False,False,AUTHORISED_FRAGMENT_CONTROLLED_OTHER_COMPONENT_LAND_REMAINS_UNOWNED
Iceland,h6000_q-001321_r+001824,lfr_2e4cf07f56b45e,hsub_iceland_main_island,0.138254703,0.005679444,0.143934147,0.9605,0.0395,OCEAN,False,False,AUTHORISED_FRAGMENT_CONTROLLED_OTHER_COMPONENT_LAND_REMAINS_UNOWNED
Iceland,h6000_q-001268_r+001928,lfr_b1f8c62d65c061,hsub_iceland_main_island,1.524376184,0.061553463,1.585929647,0.9612,0.0388,OCEAN,False,False,AUTHORISED_FRAGMENT_CONTROLLED_OTHER_COMPONENT_LAND_REMAINS_UNOWNED
Iceland,h6000_q-001347_r+001852,lfr_c5b909c405de07,hsub_iceland_main_island,2.569089855,0.10288972,2.671979575,0.9615,0.0385,OCEAN,False,False,AUTHORISED_FRAGMENT_CONTROLLED_OTHER_COMPONENT_LAND_REMAINS_UNOWNED
Iceland,h6000_q-001312_r+001812,lfr_87bbaf20ae9c10,hsub_iceland_main_island,1.750678361,0.066250162,1.816928522,0.9635,0.0365,OCEAN,False,False,AUTHORISED_FRAGMENT_CONTROLLED_OTHER_COMPONENT_LAND_REMAINS_UNOWNED
Iceland,h6000_q-001348_r+001860,lfr_f922d64c998849,hsub_iceland_main_island,0.117138335,0.004147403,0.121285737,0.9658,0.0342,OCEAN,False,False,AUTHORISED_FRAGMENT_CONTROLLED_OTHER_COMPONENT_LAND_REMAINS_UNOWNED
Iceland,h6000_q-001183_r+001828,lfr_319e2e2724bab1,hsub_iceland_main_island,0.372032876,0.012822214,0.38485509,0.9667,0.0333,OCEAN,False,False,AUTHORISED_FRAGMENT_CONTROLLED_OTHER_COMPONENT_LAND_REMAINS_UNOWNED
Iceland,h6000_q-001374_r+001901,lfr_0615f0250d45e4,hsub_iceland_main_island,0.668161859,0.022488861,0.690650721,0.9674,0.0326,OCEAN,False,False,AUTHORISED_FRAGMENT_CONTROLLED_OTHER_COMPONENT_LAND_REMAINS_UNOWNED
Iceland,h6000_q-001341_r+001884,lfr_c12fc51e59abec,hsub_iceland_main_island,0.029470468,0.00098872,0.030459189,0.9675,0.0325,OCEAN,False,False,AUTHORISED_FRAGMENT_CONTROLLED_OTHER_COMPONENT_LAND_REMAINS_UNOWNED
Iceland,h6000_q-001319_r+001827,lfr_426fa2e910adef,hsub_iceland_main_island,0.826124499,0.027420296,0.853544795,0.9679,0.0321,OCEAN,False,False,AUTHORISED_FRAGMENT_CONTROLLED_OTHER_COMPONENT_LAND_REMAINS_UNOWNED
Iceland,h6000_q-001341_r+001892,lfr_ad1f9065a6fd2c,hsub_iceland_main_island,1.925399958,0.063248806,1.988648764,0.9682,0.0318,OCEAN,False,False,AUTHORISED_FRAGMENT_CONTROLLED_OTHER_COMPONENT_LAND_REMAINS_UNOWNED
Iceland,h6000_q-001331_r+001833,lfr_dea8b9fc9c0516,hsub_iceland_main_island,2.555350459,0.082646644,2.637997102,0.9687,0.0313,OCEAN,False,False,AUTHORISED_FRAGMENT_CONTROLLED_OTHER_COMPONENT_LAND_REMAINS_UNOWNED
Iceland,h6000_q-001332_r+001832,lfr_ab388412cce449,hsub_iceland_main_island,0.883634737,0.026671602,0.910306339,0.9707,0.0293,OCEAN,False,False,AUTHORISED_FRAGMENT_CONTROLLED_OTHER_COMPONENT_LAND_REMAINS_UNOWNED
Iceland,h6000_q-001342_r+001852,lfr_127b7fe5c07ef5,hsub_iceland_main_island,0.845264359,0.025442446,0.870706804,0.9708,0.0292,OCEAN,False,False,AUTHORISED_FRAGMENT_CONTROLLED_OTHER_COMPONENT_LAND_REMAINS_UNOWNED
Iceland,h6000_q-001183_r+001834,lfr_6e2d8dfa5665ff,hsub_iceland_main_island,0.449593903,0.012969475,0.462563378,0.972,0.028,OCEAN,False,False,AUTHORISED_FRAGMENT_CONTROLLED_OTHER_COMPONENT_LAND_REMAINS_UNOWNED
Iceland,h6000_q-001378_r+001925,lfr_8415c9c2769e17,hsub_iceland_main_island,0.865873004,0.022916309,0.888789313,0.9742,0.0258,OCEAN,False,False,AUTHORISED_FRAGMENT_CONTROLLED_OTHER_COMPONENT_LAND_REMAINS_UNOWNED
Iceland,h6000_q-001363_r+001880,lfr_945e1391a4436f,hsub_iceland_main_island,1.062820242,0.027158928,1.089979171,0.9751,0.0249,OCEAN,False,False,AUTHORISED_FRAGMENT_CONTROLLED_OTHER_COMPONENT_LAND_REMAINS_UNOWNED
Iceland,h6000_q-001342_r+001856,lfr_7f904a7c90945a,hsub_iceland_main_island,1.242522726,0.03041007,1.272932796,0.9761,0.0239,OCEAN,False,False,AUTHORISED_FRAGMENT_CONTROLLED_OTHER_COMPONENT_LAND_REMAINS_UNOWNED
Iceland,h6000_q-001337_r+001881,lfr_e1f3d2d970e82e,hsub_iceland_main_island,0.247243855,0.006029713,0.253273568,0.9762,0.0238,OCEAN,False,False,AUTHORISED_FRAGMENT_CONTROLLED_OTHER_COMPONENT_LAND_REMAINS_UNOWNED
Iceland,h6000_q-001192_r+001877,lfr_313c2d1a304590,hsub_iceland_main_island,0.907653938,0.020975408,0.928629346,0.9774,0.0226,OCEAN,False,False,AUTHORISED_FRAGMENT_CONTROLLED_OTHER_COMPONENT_LAND_REMAINS_UNOWNED
Iceland,h6000_q-001330_r+001851,lfr_01a0cbea62d501,hsub_iceland_main_island,0.711319885,0.015706111,0.727025996,0.9784,0.0216,OCEAN,False,False,AUTHORISED_FRAGMENT_CONTROLLED_OTHER_COMPONENT_LAND_REMAINS_UNOWNED
Iceland,h6000_q-001343_r+001883,lfr_f12f5a801a6867,hsub_iceland_main_island,1.185964139,0.024892153,1.210856292,0.9794,0.0206,OCEAN,False,False,AUTHORISED_FRAGMENT_CONTROLLED_OTHER_COMPONENT_LAND_REMAINS_UNOWNED
Ireland,h6000_q-000874_r+001380,lfr_69cddbf48e8f92,hsub_ireland_main_island,0.007135248,3.330413424,3.337548672,0.0021,0.9979,OCEAN,False,False,AUTHORISED_FRAGMENT_CONTROLLED_OTHER_COMPONENT_LAND_REMAINS_UNOWNED
Ireland,h6000_q-000855_r+001352,lfr_178909b08e679f,hsub_ireland_main_island,0.027521212,3.508289911,3.535811124,0.0078,0.9922,OCEAN,False,False,AUTHORISED_FRAGMENT_CONTROLLED_OTHER_COMPONENT_LAND_REMAINS_UNOWNED
Ireland,h6000_q-000839_r+001300,lfr_1f6d44fa265f20,hsub_ireland_main_island,0.002253552,0.053459231,0.055712783,0.0404,0.9596,OCEAN,False,False,AUTHORISED_FRAGMENT_CONTROLLED_OTHER_COMPONENT_LAND_REMAINS_UNOWNED
Ireland,h6000_q-000866_r+001375,lfr_8ee56effbee274,hsub_ireland_main_island,0.088968459,1.309544696,1.398513156,0.0636,0.9364,OCEAN,False,False,AUTHORISED_FRAGMENT_CONTROLLED_OTHER_COMPONENT_LAND_REMAINS_UNOWNED
Ireland,h6000_q-000834_r+001332,lfr_fe919db20ef2a4,hsub_ireland_main_island,0.139581346,1.659655811,1.799237156,0.0776,0.9224,OCEAN,False,False,AUTHORISED_FRAGMENT_CONTROLLED_OTHER_COMPONENT_LAND_REMAINS_UNOWNED
Ireland,h6000_q-000855_r+001391,lfr_99b31530363241,hsub_ireland_main_island,0.17177397,1.623114467,1.794888436,0.0957,0.9043,OCEAN,False,False,AUTHORISED_FRAGMENT_CONTROLLED_OTHER_COMPONENT_LAND_REMAINS_UNOWNED
Ireland,h6000_q-000844_r+001306,lfr_58102d8be5e7e4,hsub_ireland_main_island,0.544964968,4.751659025,5.296623992,0.1029,0.8971,OCEAN,False,False,AUTHORISED_FRAGMENT_CONTROLLED_OTHER_COMPONENT_LAND_REMAINS_UNOWNED
Ireland,h6000_q-000825_r+001298,lfr_76ca0e5f573ec7,hsub_ireland_main_island,0.528220511,3.469130921,3.997351432,0.1321,0.8679,OCEAN,False,False,AUTHORISED_FRAGMENT_CONTROLLED_OTHER_COMPONENT_LAND_REMAINS_UNOWNED
Ireland,h6000_q-000865_r+001416,lfr_ba58ebd79345e3,hsub_ireland_main_island,0.490676049,2.449294403,2.939970452,0.1669,0.8331,OCEAN,False,False,AUTHORISED_FRAGMENT_CONTROLLED_OTHER_COMPONENT_LAND_REMAINS_UNOWNED
Ireland,h6000_q-000802_r+001396,lfr_108931173b2950,hsub_ireland_main_island,0.158754418,0.75284638,0.911600799,0.1741,0.8259,OCEAN,False,False,AUTHORISED_FRAGMENT_CONTROLLED_OTHER_COMPONENT_LAND_REMAINS_UNOWNED
Ireland,h6000_q-000795_r+001311,lfr_7dc168c2f23d87,hsub_ireland_main_island,0.002645367,0.012470333,0.0151157,0.175,0.825,OCEAN,False,False,AUTHORISED_FRAGMENT_CONTROLLED_OTHER_COMPONENT_LAND_REMAINS_UNOWNED
Ireland,h6000_q-000845_r+001337,lfr_f8d5f8f89eae20,hsub_ireland_main_island,0.182567761,0.842266191,1.024833951,0.1781,0.8219,OCEAN,False,False,AUTHORISED_FRAGMENT_CONTROLLED_OTHER_COMPONENT_LAND_REMAINS_UNOWNED
Ireland,h6000_q-000858_r+001354,lfr_3f3467fae162bf,hsub_ireland_main_island,0.13910033,0.552938779,0.692039109,0.201,0.799,OCEAN,False,False,AUTHORISED_FRAGMENT_CONTROLLED_OTHER_COMPONENT_LAND_REMAINS_UNOWNED
Ireland,h6000_q-000805_r+001303,lfr_1fd18d44f3d6aa,hsub_ireland_main_island,0.199837143,0.78199458,0.981831723,0.2035,0.7965,OCEAN,False,False,AUTHORISED_FRAGMENT_CONTROLLED_OTHER_COMPONENT_LAND_REMAINS_UNOWNED
Ireland,h6000_q-000820_r+001291,lfr_94997df472c0a5,hsub_ireland_main_island,1.256423812,4.032133534,5.288557347,0.2376,0.7624,OCEAN,False,False,AUTHORISED_FRAGMENT_CONTROLLED_OTHER_COMPONENT_LAND_REMAINS_UNOWNED
Ireland,h6000_q-000834_r+001301,lfr_8d4547c123c796,hsub_ireland_main_island,0.124342434,0.396553425,0.52089586,0.2387,0.7613,OCEAN,False,False,AUTHORISED_FRAGMENT_CONTROLLED_OTHER_COMPONENT_LAND_REMAINS_UNOWNED
Ireland,h6000_q-000823_r+001291,lfr_3cf9481eb8b293,hsub_ireland_main_island,0.479936366,1.319219421,1.799155787,0.2668,0.7332,OCEAN,False,False,AUTHORISED_FRAGMENT_CONTROLLED_OTHER_COMPONENT_LAND_REMAINS_UNOWNED
Ireland,h6000_q-000868_r+001358,lfr_96cb0cd8d96204,hsub_ireland_main_island,0.144756103,0.385755237,0.53051134,0.2729,0.7271,OCEAN,False,False,AUTHORISED_FRAGMENT_CONTROLLED_OTHER_COMPONENT_LAND_REMAINS_UNOWNED
Ireland,h6000_q-000871_r+001363,lfr_decd2c6f74dcb2,hsub_ireland_main_island,0.208664773,0.502057403,0.710722176,0.2936,0.7064,OCEAN,False,False,AUTHORISED_FRAGMENT_CONTROLLED_OTHER_COMPONENT_LAND_REMAINS_UNOWNED
Ireland,h6000_q-000815_r+001292,lfr_6b07b19b2a0d5b,hsub_ireland_main_island,0.072327998,0.172133708,0.244461706,0.2959,0.7041,OCEAN,False,False,AUTHORISED_FRAGMENT_CONTROLLED_OTHER_COMPONENT_LAND_REMAINS_UNOWNED
Ireland,h6000_q-000804_r+001399,lfr_b2fca6189cd354,hsub_ireland_main_island,0.268723784,0.556226034,0.824949817,0.3257,0.6743,OCEAN,False,False,AUTHORISED_FRAGMENT_CONTROLLED_OTHER_COMPONENT_LAND_REMAINS_UNOWNED
Ireland,h6000_q-000872_r+001375,lfr_c4b4db7a60f4de,hsub_ireland_main_island,1.165607507,2.260608217,3.426215723,0.3402,0.6598,OCEAN,False,False,AUTHORISED_FRAGMENT_CONTROLLED_OTHER_COMPONENT_LAND_REMAINS_UNOWNED
Ireland,h6000_q-000864_r+001415,lfr_6dadba089148a8,hsub_ireland_main_island,1.208877389,2.00675456,3.215631949,0.3759,0.6241,OCEAN,False,False,AUTHORISED_FRAGMENT_CONTROLLED_OTHER_COMPONENT_LAND_REMAINS_UNOWNED
Ireland,h6000_q-000863_r+001423,lfr_6189826fa38f4a,hsub_ireland_main_island,0.576880108,0.953158996,1.530039104,0.377,0.623,OCEAN,False,False,AUTHORISED_FRAGMENT_CONTROLLED_OTHER_COMPONENT_LAND_REMAINS_UNOWNED
Ireland,h6000_q-000798_r+001305,lfr_5f46d7a2fe589b,hsub_ireland_main_island,0.054877525,0.072641454,0.127518979,0.4303,0.5697,OCEAN,False,False,AUTHORISED_FRAGMENT_CONTROLLED_OTHER_COMPONENT_LAND_REMAINS_UNOWNED
Ireland,h6000_q-000836_r+001294,lfr_b4ed5670c81d1b,hsub_ireland_main_island,0.052695264,0.066772173,0.119467437,0.4411,0.5589,OCEAN,False,False,AUTHORISED_FRAGMENT_CONTROLLED_OTHER_COMPONENT_LAND_REMAINS_UNOWNED
Ireland,h6000_q-000866_r+001358,lfr_42c9f16e44f8e9,hsub_ireland_main_island,0.140595045,0.157513462,0.298108507,0.4716,0.5284,OCEAN,False,False,AUTHORISED_FRAGMENT_CONTROLLED_OTHER_COMPONENT_LAND_REMAINS_UNOWNED
Ireland,h6000_q-000846_r+001320,lfr_0aa4c24764d30e,hsub_ireland_main_island,0.385825709,0.381377262,0.767202971,0.5029,0.4971,OCEAN,False,False,AUTHORISED_FRAGMENT_CONTROLLED_OTHER_COMPONENT_LAND_REMAINS_UNOWNED
Ireland,h6000_q-000842_r+001351,lfr_db3cc3d87ea35e,hsub_ireland_main_island,1.042800986,0.793585274,1.83638626,0.5679,0.4321,OCEAN,False,False,AUTHORISED_FRAGMENT_CONTROLLED_OTHER_COMPONENT_LAND_REMAINS_UNOWNED
Ireland,h6000_q-000836_r+001295,lfr_0a874e78d33c67,hsub_ireland_main_island,3.144714525,2.316943107,5.461657633,0.5758,0.4242,OCEAN,False,False,AUTHORISED_FRAGMENT_CONTROLLED_OTHER_COMPONENT_LAND_REMAINS_UNOWNED
Ireland,h6000_q-000860_r+001355,lfr_0d695f13d7e5c7,hsub_ireland_main_island,3.270169021,2.167048691,5.437217712,0.6014,0.3986,OCEAN,False,False,AUTHORISED_FRAGMENT_CONTROLLED_OTHER_COMPONENT_LAND_REMAINS_UNOWNED
Ireland,h6000_q-000867_r+001358,lfr_e77d105f7b98bf,hsub_ireland_main_island,0.899635359,0.574998527,1.474633886,0.6101,0.3899,OCEAN,False,False,AUTHORISED_FRAGMENT_CONTROLLED_OTHER_COMPONENT_LAND_REMAINS_UNOWNED
Ireland,h6000_q-000833_r+001302,lfr_4fbc86c5782def,hsub_ireland_main_island,0.839166419,0.513673303,1.352839722,0.6203,0.3797,OCEAN,False,False,AUTHORISED_FRAGMENT_CONTROLLED_OTHER_COMPONENT_LAND_REMAINS_UNOWNED
Ireland,h6000_q-000865_r+001421,lfr_33ab68751fd398,hsub_ireland_main_island,1.891164848,1.111600434,3.002765283,0.6298,0.3702,OCEAN,False,False,AUTHORISED_FRAGMENT_CONTROLLED_OTHER_COMPONENT_LAND_REMAINS_UNOWNED
Ireland,h6000_q-000858_r+001393,lfr_97e3fa37e653ed,hsub_ireland_main_island,0.053777264,0.03084087,0.084618134,0.6355,0.3645,OCEAN,False,False,AUTHORISED_FRAGMENT_CONTROLLED_OTHER_COMPONENT_LAND_REMAINS_UNOWNED
Ireland,h6000_q-000843_r+001352,lfr_bbf40ac3c90282,hsub_ireland_main_island,2.381414782,1.343346769,3.724761552,0.6393,0.3607,OCEAN,False,False,AUTHORISED_FRAGMENT_CONTROLLED_OTHER_COMPONENT_LAND_REMAINS_UNOWNED
Ireland,h6000_q-000869_r+001362,lfr_7ffa6ac8ec15c6,hsub_ireland_main_island,2.777029739,1.484094834,4.261124573,0.6517,0.3483,OCEAN,False,False,AUTHORISED_FRAGMENT_CONTROLLED_OTHER_COMPONENT_LAND_REMAINS_UNOWNED
Ireland,h6000_q-000878_r+001393,lfr_6dd9c5f4481118,hsub_ireland_main_island,0.199118766,0.103707938,0.302826705,0.6575,0.3425,OCEAN,False,False,AUTHORISED_FRAGMENT_CONTROLLED_OTHER_COMPONENT_LAND_REMAINS_UNOWNED
Ireland,h6000_q-000833_r+001333,lfr_657a855c24c85c,hsub_ireland_main_island,1.891811859,0.969796451,2.86160831,0.6611,0.3389,OCEAN,False,False,AUTHORISED_FRAGMENT_CONTROLLED_OTHER_COMPONENT_LAND_REMAINS_UNOWNED
Ireland,h6000_q-000835_r+001298,lfr_fdf8d2a172fd12,hsub_ireland_main_island,0.287883489,0.133346885,0.421230374,0.6834,0.3166,OCEAN,False,False,AUTHORISED_FRAGMENT_CONTROLLED_OTHER_COMPONENT_LAND_REMAINS_UNOWNED
Ireland,h6000_q-000841_r+001312,lfr_b33c065ec9dc48,hsub_ireland_main_island,0.106821253,0.046343842,0.153165095,0.6974,0.3026,OCEAN,False,False,AUTHORISED_FRAGMENT_CONTROLLED_OTHER_COMPONENT_LAND_REMAINS_UNOWNED
Ireland,h6000_q-000863_r+001357,lfr_1553990960bb48,hsub_ireland_main_island,1.589018311,0.648421301,2.237439611,0.7102,0.2898,OCEAN,False,False,AUTHORISED_FRAGMENT_CONTROLLED_OTHER_COMPONENT_LAND_REMAINS_UNOWNED
Ireland,h6000_q-000803_r+001397,lfr_86746cb5d53c55,hsub_ireland_main_island,2.495894747,0.925499958,3.421394705,0.7295,0.2705,OCEAN,False,False,AUTHORISED_FRAGMENT_CONTROLLED_OTHER_COMPONENT_LAND_REMAINS_UNOWNED
Ireland,h6000_q-000868_r+001376,lfr_b82bb6064e6a0c,hsub_ireland_main_island,3.178541431,1.145255623,4.323797054,0.7351,0.2649,OCEAN,False,False,AUTHORISED_FRAGMENT_CONTROLLED_OTHER_COMPONENT_LAND_REMAINS_UNOWNED
Ireland,h6000_q-000808_r+001295,lfr_7764aae9bf50d5,hsub_ireland_main_island,0.005753417,0.001953291,0.007706708,0.7465,0.2535,OCEAN,False,False,AUTHORISED_FRAGMENT_CONTROLLED_OTHER_COMPONENT_LAND_REMAINS_UNOWNED
Ireland,h6000_q-000861_r+001355,lfr_c56ba3b9a7f95e,hsub_ireland_main_island,3.042068457,0.948046699,3.990115156,0.7624,0.2376,OCEAN,False,False,AUTHORISED_FRAGMENT_CONTROLLED_OTHER_COMPONENT_LAND_REMAINS_UNOWNED
Ireland,h6000_q-000862_r+001357,lfr_344c2cec9e1ac5,hsub_ireland_main_island,3.040749043,0.940964563,3.981713606,0.7637,0.2363,OCEAN,False,False,AUTHORISED_FRAGMENT_CONTROLLED_OTHER_COMPONENT_LAND_REMAINS_UNOWNED
Ireland,h6000_q-000803_r+001399,lfr_d896f9e1ed78cf,hsub_ireland_main_island,0.98323576,0.302064658,1.285300418,0.765,0.235,OCEAN,False,False,AUTHORISED_FRAGMENT_CONTROLLED_OTHER_COMPONENT_LAND_REMAINS_UNOWNED
Ireland,h6000_q-000865_r+001373,lfr_13cafc329a119e,hsub_ireland_main_island,2.071341376,0.629556102,2.700897479,0.7669,0.2331,OCEAN,False,False,AUTHORISED_FRAGMENT_CONTROLLED_OTHER_COMPONENT_LAND_REMAINS_UNOWNED
Ireland,h6000_q-000879_r+001386,lfr_787327248d159b,hsub_ireland_main_island,0.877597138,0.262847805,1.140444943,0.7695,0.2305,OCEAN,False,False,AUTHORISED_FRAGMENT_CONTROLLED_OTHER_COMPONENT_LAND_REMAINS_UNOWNED
Ireland,h6000_q-000864_r+001410,lfr_f67e28cfd0d6d5,hsub_ireland_main_island,0.695818724,0.190763618,0.886582341,0.7848,0.2152,OCEAN,False,False,AUTHORISED_FRAGMENT_CONTROLLED_OTHER_COMPONENT_LAND_REMAINS_UNOWNED
Ireland,h6000_q-000822_r+001292,lfr_41aecbcd5fe948,hsub_ireland_main_island,4.069763388,1.085918323,5.155681711,0.7894,0.2106,OCEAN,False,False,AUTHORISED_FRAGMENT_CONTROLLED_OTHER_COMPONENT_LAND_REMAINS_UNOWNED
Ireland,h6000_q-000818_r+001290,lfr_a3d5d80ce16e0a,hsub_ireland_main_island,0.340555755,0.087240797,0.427796552,0.7961,0.2039,OCEAN,False,False,AUTHORISED_FRAGMENT_CONTROLLED_OTHER_COMPONENT_LAND_REMAINS_UNOWNED
Ireland,h6000_q-000862_r+001356,lfr_f68631f670b04c,hsub_ireland_main_island,0.948067531,0.240946493,1.189014024,0.7974,0.2026,OCEAN,False,False,AUTHORISED_FRAGMENT_CONTROLLED_OTHER_COMPONENT_LAND_REMAINS_UNOWNED
Ireland,h6000_q-000873_r+001380,lfr_0e5af3cce3caa4,hsub_ireland_main_island,4.278747792,1.079495011,5.358242803,0.7985,0.2015,OCEAN,False,False,AUTHORISED_FRAGMENT_CONTROLLED_OTHER_COMPONENT_LAND_REMAINS_UNOWNED
Ireland,h6000_q-000845_r+001307,lfr_2c99ae3602a705,hsub_ireland_main_island,1.783360175,0.447622229,2.230982404,0.7994,0.2006,OCEAN,False,False,AUTHORISED_FRAGMENT_CONTROLLED_OTHER_COMPONENT_LAND_REMAINS_UNOWNED
Ireland,h6000_q-000836_r+001296,lfr_56aa0d2e2d4ce3,hsub_ireland_main_island,0.31746297,0.075103832,0.392566802,0.8087,0.1913,OCEAN,False,False,AUTHORISED_FRAGMENT_CONTROLLED_OTHER_COMPONENT_LAND_REMAINS_UNOWNED
Ireland,h6000_q-000847_r+001343,lfr_c3c2f5ceb9480a,hsub_ireland_main_island,0.01178907,0.002717618,0.014506689,0.8127,0.1873,OCEAN,False,False,AUTHORISED_FRAGMENT_CONTROLLED_OTHER_COMPONENT_LAND_REMAINS_UNOWNED
Ireland,h6000_q-000833_r+001331,lfr_bae09a3b6e2896,hsub_ireland_main_island,0.9818265,0.213837116,1.195663615,0.8212,0.1788,OCEAN,False,False,AUTHORISED_FRAGMENT_CONTROLLED_OTHER_COMPONENT_LAND_REMAINS_UNOWNED
Ireland,h6000_q-000834_r+001302,lfr_8a9b595ed4bf65,hsub_ireland_main_island,3.515016678,0.764065833,4.279082511,0.8214,0.1786,OCEAN,False,False,AUTHORISED_FRAGMENT_CONTROLLED_OTHER_COMPONENT_LAND_REMAINS_UNOWNED
Ireland,h6000_q-000819_r+001290,lfr_a96a01cacf6635,hsub_ireland_main_island,1.262094557,0.24355047,1.505645027,0.8382,0.1618,OCEAN,False,False,AUTHORISED_FRAGMENT_CONTROLLED_OTHER_COMPONENT_LAND_REMAINS_UNOWNED
Ireland,h6000_q-000798_r+001391,lfr_7ce7b0b928be3e,hsub_ireland_main_island,1.103581502,0.212420441,1.316001944,0.8386,0.1614,OCEAN,False,False,AUTHORISED_FRAGMENT_CONTROLLED_OTHER_COMPONENT_LAND_REMAINS_UNOWNED
Ireland,h6000_q-000821_r+001292,lfr_318d03ab09a0f2,hsub_ireland_main_island,2.068177735,0.394030408,2.462208142,0.84,0.16,OCEAN,False,False,AUTHORISED_FRAGMENT_CONTROLLED_OTHER_COMPONENT_LAND_REMAINS_UNOWNED
Ireland,h6000_q-000869_r+001366,lfr_e096cc9d61cb39,hsub_ireland_main_island,2.188091704,0.4088017,2.596893404,0.8426,0.1574,OCEAN,False,False,AUTHORISED_FRAGMENT_CONTROLLED_OTHER_COMPONENT_LAND_REMAINS_UNOWNED
Ireland,h6000_q-000869_r+001365,lfr_64b42648ff0359,hsub_ireland_main_island,2.103980951,0.372491419,2.47647237,0.8496,0.1504,OCEAN,False,False,AUTHORISED_FRAGMENT_CONTROLLED_OTHER_COMPONENT_LAND_REMAINS_UNOWNED
Ireland,h6000_q-000802_r+001395,lfr_c742a64e8d3ec5,hsub_ireland_main_island,2.76132573,0.438753114,3.200078845,0.8629,0.1371,OCEAN,False,False,AUTHORISED_FRAGMENT_CONTROLLED_OTHER_COMPONENT_LAND_REMAINS_UNOWNED
Ireland,h6000_q-000863_r+001387,lfr_23acb393fabdb8,hsub_ireland_main_island,4.097190574,0.645850231,4.743040805,0.8638,0.1362,OCEAN,False,False,AUTHORISED_FRAGMENT_CONTROLLED_OTHER_COMPONENT_LAND_REMAINS_UNOWNED
Ireland,h6000_q-000879_r+001392,lfr_c4073c01b96b68,hsub_ireland_main_island,1.238074078,0.194916673,1.432990751,0.864,0.136,OCEAN,False,False,AUTHORISED_FRAGMENT_CONTROLLED_OTHER_COMPONENT_LAND_REMAINS_UNOWNED
Ireland,h6000_q-000868_r+001366,lfr_d0497cd4e504f4,hsub_ireland_main_island,0.858632361,0.134829003,0.993461364,0.8643,0.1357,OCEAN,False,False,AUTHORISED_FRAGMENT_CONTROLLED_OTHER_COMPONENT_LAND_REMAINS_UNOWNED
Ireland,h6000_q-000857_r+001356,lfr_7847cce84e9767,hsub_ireland_main_island,3.705845878,0.552017107,4.257862985,0.8704,0.1296,OCEAN,False,False,AUTHORISED_FRAGMENT_CONTROLLED_OTHER_COMPONENT_LAND_REMAINS_UNOWNED
Ireland,h6000_q-000838_r+001300,lfr_bf22a12bf7d651,hsub_ireland_main_island,4.045553139,0.576277127,4.621830265,0.8753,0.1247,OCEAN,False,False,AUTHORISED_FRAGMENT_CONTROLLED_OTHER_COMPONENT_LAND_REMAINS_UNOWNED
Ireland,h6000_q-000836_r+001425,lfr_fcac166b64ad14,hsub_ireland_main_island,0.461058843,0.06472206,0.525780903,0.8769,0.1231,OCEAN,False,False,AUTHORISED_FRAGMENT_CONTROLLED_OTHER_COMPONENT_LAND_REMAINS_UNOWNED
Ireland,h6000_q-000861_r+001358,lfr_3e0bf8ed3fe8f2,hsub_ireland_main_island,4.664577528,0.645716922,5.31029445,0.8784,0.1216,OCEAN,False,False,AUTHORISED_FRAGMENT_CONTROLLED_OTHER_COMPONENT_LAND_REMAINS_UNOWNED
Ireland,h6000_q-000858_r+001401,lfr_c7975c4cfca1f3,hsub_ireland_main_island,0.002771171,0.000377994,0.003149165,0.88,0.12,OCEAN,False,False,AUTHORISED_FRAGMENT_CONTROLLED_OTHER_COMPONENT_LAND_REMAINS_UNOWNED
Ireland,h6000_q-000844_r+001325,lfr_519e8102a136db,hsub_ireland_main_island,0.041675171,0.005574082,0.047249254,0.882,0.118,OCEAN,False,False,AUTHORISED_FRAGMENT_CONTROLLED_OTHER_COMPONENT_LAND_REMAINS_UNOWNED
Ireland,h6000_q-000850_r+001419,lfr_87023d45b8b937,hsub_ireland_main_island,1.857240761,0.215884219,2.07312498,0.8959,0.1041,OCEAN,False,False,AUTHORISED_FRAGMENT_CONTROLLED_OTHER_COMPONENT_LAND_REMAINS_UNOWNED
Ireland,h6000_q-000841_r+001330,lfr_cc7f5e2adfd060,hsub_ireland_main_island,1.349493862,0.155837293,1.505331155,0.8965,0.1035,OCEAN,False,False,AUTHORISED_FRAGMENT_CONTROLLED_OTHER_COMPONENT_LAND_REMAINS_UNOWNED
Ireland,h6000_q-000841_r+001426,lfr_2e3249dd14ea08,hsub_ireland_main_island,0.019113185,0.00209854,0.021211726,0.9011,0.0989,OCEAN,False,False,AUTHORISED_FRAGMENT_CONTROLLED_OTHER_COMPONENT_LAND_REMAINS_UNOWNED
Ireland,h6000_q-000851_r+001313,lfr_31219776c185b2,hsub_ireland_main_island,1.636954375,0.175938135,1.812892511,0.903,0.097,OCEAN,False,False,AUTHORISED_FRAGMENT_CONTROLLED_OTHER_COMPONENT_LAND_REMAINS_UNOWNED
Ireland,h6000_q-000851_r+001431,lfr_79dbdc2fcf5472,hsub_ireland_main_island,1.077215443,0.109702669,1.186918112,0.9076,0.0924,OCEAN,False,False,AUTHORISED_FRAGMENT_CONTROLLED_OTHER_COMPONENT_LAND_REMAINS_UNOWNED
Ireland,h6000_q-000866_r+001405,lfr_eff75f24119091,hsub_ireland_main_island,0.680897564,0.067913474,0.748811038,0.9093,0.0907,OCEAN,False,False,AUTHORISED_FRAGMENT_CONTROLLED_OTHER_COMPONENT_LAND_REMAINS_UNOWNED
Ireland,h6000_q-000831_r+001304,lfr_efc6189e9b0d4a,hsub_ireland_main_island,4.905078944,0.446927279,5.352006223,0.9165,0.0835,OCEAN,False,False,AUTHORISED_FRAGMENT_CONTROLLED_OTHER_COMPONENT_LAND_REMAINS_UNOWNED
Ireland,h6000_q-000856_r+001396,lfr_3d192bfe767c82,hsub_ireland_main_island,0.131846105,0.01175726,0.143603365,0.9181,0.0819,OCEAN,False,False,AUTHORISED_FRAGMENT_CONTROLLED_OTHER_COMPONENT_LAND_REMAINS_UNOWNED
Ireland,h6000_q-000858_r+001355,lfr_7f73c2d3577b20,hsub_ireland_main_island,3.35028727,0.296308425,3.646595695,0.9187,0.0813,OCEAN,False,False,AUTHORISED_FRAGMENT_CONTROLLED_OTHER_COMPONENT_LAND_REMAINS_UNOWNED
Ireland,h6000_q-000871_r+001364,lfr_8f03b49c60c7d4,hsub_ireland_main_island,2.861175719,0.216154769,3.077330489,0.9298,0.0702,OCEAN,False,False,AUTHORISED_FRAGMENT_CONTROLLED_OTHER_COMPONENT_LAND_REMAINS_UNOWNED
Ireland,h6000_q-000864_r+001409,lfr_a4145f6099f7d8,hsub_ireland_main_island,0.449290489,0.033926784,0.483217273,0.9298,0.0702,OCEAN,False,False,AUTHORISED_FRAGMENT_CONTROLLED_OTHER_COMPONENT_LAND_REMAINS_UNOWNED
Ireland,h6000_q-000791_r+001358,lfr_2ef17be5c60aec,hsub_ireland_main_island,0.550876311,0.039620722,0.590497032,0.9329,0.0671,OCEAN,False,False,AUTHORISED_FRAGMENT_CONTROLLED_OTHER_COMPONENT_LAND_REMAINS_UNOWNED
Ireland,h6000_q-000824_r+001291,lfr_98566fb0a5d56c,hsub_ireland_main_island,2.818124772,0.201337743,3.019462515,0.9333,0.0667,OCEAN,False,False,AUTHORISED_FRAGMENT_CONTROLLED_OTHER_COMPONENT_LAND_REMAINS_UNOWNED
Ireland,h6000_q-000867_r+001366,lfr_4288d86d1c3818,hsub_ireland_main_island,0.818648978,0.058473834,0.877122813,0.9333,0.0667,OCEAN,False,False,AUTHORISED_FRAGMENT_CONTROLLED_OTHER_COMPONENT_LAND_REMAINS_UNOWNED
Ireland,h6000_q-000835_r+001299,lfr_308c89f0cbefb7,hsub_ireland_main_island,3.271919004,0.230294964,3.502213967,0.9342,0.0658,OCEAN,False,False,AUTHORISED_FRAGMENT_CONTROLLED_OTHER_COMPONENT_LAND_REMAINS_UNOWNED
Ireland,h6000_q-000816_r+001291,lfr_831119b0404036,hsub_ireland_main_island,0.404940741,0.028490219,0.43343096,0.9343,0.0657,OCEAN,False,False,AUTHORISED_FRAGMENT_CONTROLLED_OTHER_COMPONENT_LAND_REMAINS_UNOWNED
Ireland,h6000_q-000830_r+001426,lfr_0aff97b1581958,hsub_ireland_main_island,0.162882461,0.011179039,0.174061501,0.9358,0.0642,OCEAN,False,False,AUTHORISED_FRAGMENT_CONTROLLED_OTHER_COMPONENT_LAND_REMAINS_UNOWNED
Ireland,h6000_q-000835_r+001425,lfr_78e1e449b92668,hsub_ireland_main_island,0.886384327,0.059653546,0.946037873,0.9369,0.0631,OCEAN,False,False,AUTHORISED_FRAGMENT_CONTROLLED_OTHER_COMPONENT_LAND_REMAINS_UNOWNED
Ireland,h6000_q-000882_r+001390,lfr_1a29ea82ebfff3,hsub_ireland_main_island,2.52371778,0.162577902,2.686295682,0.9395,0.0605,OCEAN,False,False,AUTHORISED_FRAGMENT_CONTROLLED_OTHER_COMPONENT_LAND_REMAINS_UNOWNED
Ireland,h6000_q-000784_r+001314,lfr_292ba154cad4f8,hsub_ireland_main_island,0.024930163,0.001548724,0.026478888,0.9415,0.0585,OCEAN,False,False,AUTHORISED_FRAGMENT_CONTROLLED_OTHER_COMPONENT_LAND_REMAINS_UNOWNED
Ireland,h6000_q-000853_r+001403,lfr_7f87b3d9e51a5b,hsub_ireland_main_island,2.636827774,0.163608602,2.800436375,0.9416,0.0584,OCEAN,False,False,AUTHORISED_FRAGMENT_CONTROLLED_OTHER_COMPONENT_LAND_REMAINS_UNOWNED
Ireland,h6000_q-000826_r+001293,lfr_72a54ed6462d8c,hsub_ireland_main_island,3.374465206,0.200533877,3.574999083,0.9439,0.0561,OCEAN,False,False,AUTHORISED_FRAGMENT_CONTROLLED_OTHER_COMPONENT_LAND_REMAINS_UNOWNED
Ireland,h6000_q-000860_r+001402,lfr_8d88e4a325da7e,hsub_ireland_main_island,1.19430892,0.070551686,1.264860606,0.9442,0.0558,OCEAN,False,False,AUTHORISED_FRAGMENT_CONTROLLED_OTHER_COMPONENT_LAND_REMAINS_UNOWNED
Ireland,h6000_q-000853_r+001431,lfr_9c71209bc624fc,hsub_ireland_main_island,0.63564334,0.036681064,0.672324404,0.9454,0.0546,OCEAN,False,False,AUTHORISED_FRAGMENT_CONTROLLED_OTHER_COMPONENT_LAND_REMAINS_UNOWNED
Ireland,h6000_q-000842_r+001419,lfr_697b1efa6e8e8c,hsub_ireland_main_island,2.04152732,0.115675996,2.157203316,0.9464,0.0536,OCEAN,False,False,AUTHORISED_FRAGMENT_CONTROLLED_OTHER_COMPONENT_LAND_REMAINS_UNOWNED
Ireland,h6000_q-000864_r+001357,lfr_ab47bbe4c78caa,hsub_ireland_main_island,0.680089708,0.036876989,0.716966696,0.9486,0.0514,OCEAN,False,False,AUTHORISED_FRAGMENT_CONTROLLED_OTHER_COMPONENT_LAND_REMAINS_UNOWNED
Ireland,h6000_q-000801_r+001394,lfr_02b6814a244e84,hsub_ireland_main_island,3.031606768,0.14894563,3.180552398,0.9532,0.0468,OCEAN,False,False,AUTHORISED_FRAGMENT_CONTROLLED_OTHER_COMPONENT_LAND_REMAINS_UNOWNED
Ireland,h6000_q-000875_r+001392,lfr_5a39b68272ca6f,hsub_ireland_main_island,1.478177754,0.068671301,1.546849055,0.9556,0.0444,OCEAN,False,False,AUTHORISED_FRAGMENT_CONTROLLED_OTHER_COMPONENT_LAND_REMAINS_UNOWNED
Ireland,h6000_q-000862_r+001358,lfr_710fa71b98c781,hsub_ireland_main_island,4.328832407,0.194634277,4.523466684,0.957,0.043,OCEAN,False,False,AUTHORISED_FRAGMENT_CONTROLLED_OTHER_COMPONENT_LAND_REMAINS_UNOWNED
Ireland,h6000_q-000790_r+001354,lfr_26ad2f70e4c71d,hsub_ireland_main_island,2.397527268,0.103831813,2.50135908,0.9585,0.0415,OCEAN,False,False,AUTHORISED_FRAGMENT_CONTROLLED_OTHER_COMPONENT_LAND_REMAINS_UNOWNED
Ireland,h6000_q-000783_r+001316,lfr_05db2c56b4b1a6,hsub_ireland_main_island,4.19297136,0.177608361,4.370579721,0.9594,0.0406,OCEAN,False,False,AUTHORISED_FRAGMENT_CONTROLLED_OTHER_COMPONENT_LAND_REMAINS_UNOWNED
Ireland,h6000_q-000858_r+001356,lfr_e8788fb38b3fb7,hsub_ireland_main_island,3.836199264,0.16056846,3.996767725,0.9598,0.0402,OCEAN,False,False,AUTHORISED_FRAGMENT_CONTROLLED_OTHER_COMPONENT_LAND_REMAINS_UNOWNED
Ireland,h6000_q-000867_r+001367,lfr_b7f8d43d3d368d,hsub_ireland_main_island,5.259249493,0.218789467,5.47803896,0.9601,0.0399,OCEAN,False,False,AUTHORISED_FRAGMENT_CONTROLLED_OTHER_COMPONENT_LAND_REMAINS_UNOWNED
Ireland,h6000_q-000836_r+001301,lfr_27296fb58ab747,hsub_ireland_main_island,5.633663128,0.229241264,5.862904392,0.9609,0.0391,OCEAN,False,False,AUTHORISED_FRAGMENT_CONTROLLED_OTHER_COMPONENT_LAND_REMAINS_UNOWNED
Ireland,h6000_q-000842_r+001318,lfr_ade93a44a7d22e,hsub_ireland_main_island,1.121339978,0.045452064,1.166792042,0.961,0.039,OCEAN,False,False,AUTHORISED_FRAGMENT_CONTROLLED_OTHER_COMPONENT_LAND_REMAINS_UNOWNED
Ireland,h6000_q-000816_r+001292,lfr_983edd91fd04a7,hsub_ireland_main_island,3.892840283,0.156194068,4.049034351,0.9614,0.0386,OCEAN,False,False,AUTHORISED_FRAGMENT_CONTROLLED_OTHER_COMPONENT_LAND_REMAINS_UNOWNED
Ireland,h6000_q-000876_r+001392,lfr_9ef6d11b5c2d6c,hsub_ireland_main_island,1.969549352,0.075724079,2.045273431,0.963,0.037,OCEAN,False,False,AUTHORISED_FRAGMENT_CONTROLLED_OTHER_COMPONENT_LAND_REMAINS_UNOWNED
Ireland,h6000_q-000801_r+001396,lfr_ece3c0b0a08198,hsub_ireland_main_island,3.424144018,0.129179123,3.553323142,0.9636,0.0364,OCEAN,False,False,AUTHORISED_FRAGMENT_CONTROLLED_OTHER_COMPONENT_LAND_REMAINS_UNOWNED
Ireland,h6000_q-000855_r+001390,lfr_25c6d1a34969fd,hsub_ireland_main_island,1.924012362,0.07215983,1.996172192,0.9639,0.0361,OCEAN,False,False,AUTHORISED_FRAGMENT_CONTROLLED_OTHER_COMPONENT_LAND_REMAINS_UNOWNED
Ireland,h6000_q-000798_r+001390,lfr_f8ae287e375c96,hsub_ireland_main_island,1.251798899,0.045319116,1.297118014,0.9651,0.0349,OCEAN,False,False,AUTHORISED_FRAGMENT_CONTROLLED_OTHER_COMPONENT_LAND_REMAINS_UNOWNED
Ireland,h6000_q-000844_r+001353,lfr_12a7d5d07e08b1,hsub_ireland_main_island,0.844037914,0.029603918,0.873641832,0.9661,0.0339,OCEAN,False,False,AUTHORISED_FRAGMENT_CONTROLLED_OTHER_COMPONENT_LAND_REMAINS_UNOWNED
Ireland,h6000_q-000879_r+001383,lfr_65182f0bacf73e,hsub_ireland_main_island,2.552789544,0.089325782,2.642115327,0.9662,0.0338,OCEAN,False,False,AUTHORISED_FRAGMENT_CONTROLLED_OTHER_COMPONENT_LAND_REMAINS_UNOWNED
Ireland,h6000_q-000829_r+001297,lfr_10d032137adbdf,hsub_ireland_main_island,2.232322499,0.077170406,2.309492905,0.9666,0.0334,OCEAN,False,False,AUTHORISED_FRAGMENT_CONTROLLED_OTHER_COMPONENT_LAND_REMAINS_UNOWNED
Ireland,h6000_q-000868_r+001360,lfr_f674c41078454e,hsub_ireland_main_island,4.81806259,0.163026992,4.981089582,0.9673,0.0327,OCEAN,False,False,AUTHORISED_FRAGMENT_CONTROLLED_OTHER_COMPONENT_LAND_REMAINS_UNOWNED
Ireland,h6000_q-000857_r+001392,lfr_f48f704df11c73,hsub_ireland_main_island,0.362295699,0.012079346,0.374375045,0.9677,0.0323,OCEAN,False,False,AUTHORISED_FRAGMENT_CONTROLLED_OTHER_COMPONENT_LAND_REMAINS_UNOWNED
Ireland,h6000_q-000800_r+001303,lfr_3bab8ec98f0f54,hsub_ireland_main_island,2.801478446,0.093262813,2.894741259,0.9678,0.0322,OCEAN,False,False,AUTHORISED_FRAGMENT_CONTROLLED_OTHER_COMPONENT_LAND_REMAINS_UNOWNED
Ireland,h6000_q-000844_r+001349,lfr_59b12750bd111e,hsub_ireland_main_island,1.944209687,0.063890342,2.008100029,0.9682,0.0318,OCEAN,False,False,AUTHORISED_FRAGMENT_CONTROLLED_OTHER_COMPONENT_LAND_REMAINS_UNOWNED
Ireland,h6000_q-000866_r+001407,lfr_805ba5a80cbae7,hsub_ireland_main_island,1.410308226,0.044606001,1.454914227,0.9693,0.0307,OCEAN,False,False,AUTHORISED_FRAGMENT_CONTROLLED_OTHER_COMPONENT_LAND_REMAINS_UNOWNED
Ireland,h6000_q-000835_r+001335,lfr_0074a002fe3994,hsub_ireland_main_island,5.39229329,0.158199685,5.550492975,0.9715,0.0285,OCEAN,False,False,AUTHORISED_FRAGMENT_CONTROLLED_OTHER_COMPONENT_LAND_REMAINS_UNOWNED
Ireland,h6000_q-000881_r+001387,lfr_87116d0085dddb,hsub_ireland_main_island,1.651448244,0.047223601,1.698671845,0.9722,0.0278,OCEAN,False,False,AUTHORISED_FRAGMENT_CONTROLLED_OTHER_COMPONENT_LAND_REMAINS_UNOWNED
Ireland,h6000_q-000881_r+001391,lfr_fbd687056bda49,hsub_ireland_main_island,2.499803181,0.070472364,2.570275545,0.9726,0.0274,OCEAN,False,False,AUTHORISED_FRAGMENT_CONTROLLED_OTHER_COMPONENT_LAND_REMAINS_UNOWNED
Ireland,h6000_q-000846_r+001335,lfr_6255298ece462e,hsub_ireland_main_island,0.765738409,0.021513366,0.787251775,0.9727,0.0273,OCEAN,False,False,AUTHORISED_FRAGMENT_CONTROLLED_OTHER_COMPONENT_LAND_REMAINS_UNOWNED
Ireland,h6000_q-000845_r+001304,lfr_2a1fa35f348193,hsub_ireland_main_island,2.64628488,0.07411139,2.72039627,0.9728,0.0272,OCEAN,False,False,AUTHORISED_FRAGMENT_CONTROLLED_OTHER_COMPONENT_LAND_REMAINS_UNOWNED
Ireland,h6000_q-000882_r+001389,lfr_5e13c9e9f1122d,hsub_ireland_main_island,1.54839422,0.041313737,1.589707957,0.974,0.026,OCEAN,False,False,AUTHORISED_FRAGMENT_CONTROLLED_OTHER_COMPONENT_LAND_REMAINS_UNOWNED
Ireland,h6000_q-000834_r+001331,lfr_fe31a9474c588c,hsub_ireland_main_island,1.207905869,0.031069781,1.23897565,0.9749,0.0251,OCEAN,False,False,AUTHORISED_FRAGMENT_CONTROLLED_OTHER_COMPONENT_LAND_REMAINS_UNOWNED
Ireland,h6000_q-000845_r+001349,lfr_a63c0109289913,hsub_ireland_main_island,2.356970096,0.056444418,2.413414514,0.9766,0.0234,OCEAN,False,False,AUTHORISED_FRAGMENT_CONTROLLED_OTHER_COMPONENT_LAND_REMAINS_UNOWNED
Ireland,h6000_q-000857_r+001426,lfr_e2e89055d18b56,hsub_ireland_main_island,3.426016766,0.081510841,3.507527607,0.9768,0.0232,OCEAN,False,False,AUTHORISED_FRAGMENT_CONTROLLED_OTHER_COMPONENT_LAND_REMAINS_UNOWNED
Ireland,h6000_q-000840_r+001301,lfr_06d1425bd3c7c5,hsub_ireland_main_island,2.161008822,0.050929662,2.211938484,0.977,0.023,OCEAN,False,False,AUTHORISED_FRAGMENT_CONTROLLED_OTHER_COMPONENT_LAND_REMAINS_UNOWNED
Ireland,h6000_q-000837_r+001300,lfr_e744e09c7ac4ef,hsub_ireland_main_island,2.726741385,0.058159824,2.784901209,0.9791,0.0209,OCEAN,False,False,AUTHORISED_FRAGMENT_CONTROLLED_OTHER_COMPONENT_LAND_REMAINS_UNOWNED
Ireland,h6000_q-000854_r+001391,lfr_fcfd1089bdb77b,hsub_ireland_main_island,4.939113134,0.104849431,5.043962565,0.9792,0.0208,OCEAN,False,False,AUTHORISED_FRAGMENT_CONTROLLED_OTHER_COMPONENT_LAND_REMAINS_UNOWNED
Ireland,h6000_q-000807_r+001405,lfr_c1521573588b7d,hsub_ireland_main_island,1.908995184,0.040321482,1.949316666,0.9793,0.0207,OCEAN,False,False,AUTHORISED_FRAGMENT_CONTROLLED_OTHER_COMPONENT_LAND_REMAINS_UNOWNED
Malta,h6000_q-000146_r+000827,lfr_7448538d4ab255,hsub_malta_main_island,1.007420374,0.103674603,1.111094977,0.9067,0.0933,OCEAN,False,False,AUTHORISED_FRAGMENT_CONTROLLED_OTHER_COMPONENT_LAND_REMAINS_UNOWNED
Malta,h6000_q-000143_r+000825,lfr_356e39005f23a4,hsub_malta_main_island,7.709470238,0.271785515,7.981255752,0.9659,0.0341,OCEAN,False,False,AUTHORISED_FRAGMENT_CONTROLLED_OTHER_COMPONENT_LAND_REMAINS_UNOWNED
Sardinia,h6000_q-000300_r+000912,lfr_a684e6fa93ed57,hsub_sardinia_main_island,0.037687829,1.498434179,1.536122008,0.0245,0.9755,OCEAN,False,False,AUTHORISED_FRAGMENT_CONTROLLED_OTHER_COMPONENT_LAND_REMAINS_UNOWNED
Sardinia,h6000_q-000310_r+000970,lfr_ca5bdeb485f620,hsub_sardinia_main_island,0.714510049,4.88365609,5.598166139,0.1276,0.8724,OCEAN,False,False,AUTHORISED_FRAGMENT_CONTROLLED_OTHER_COMPONENT_LAND_REMAINS_UNOWNED
Sardinia,h6000_q-000312_r+000971,lfr_2d2c38e180b92e,hsub_sardinia_main_island,0.515950831,3.124465851,3.640416682,0.1417,0.8583,OCEAN,False,False,AUTHORISED_FRAGMENT_CONTROLLED_OTHER_COMPONENT_LAND_REMAINS_UNOWNED
Sardinia,h6000_q-000306_r+000968,lfr_7ec5a4fc0a5421,hsub_sardinia_main_island,0.076735559,0.098213472,0.174949032,0.4386,0.5614,OCEAN,False,False,AUTHORISED_FRAGMENT_CONTROLLED_OTHER_COMPONENT_LAND_REMAINS_UNOWNED
Sardinia,h6000_q-000330_r+000964,lfr_6ebd8dd705cce3,hsub_sardinia_main_island,1.397772825,1.111735953,2.509508777,0.557,0.443,OCEAN,False,False,AUTHORISED_FRAGMENT_CONTROLLED_OTHER_COMPONENT_LAND_REMAINS_UNOWNED
Sardinia,h6000_q-000279_r+000911,lfr_7055ade4dddd49,hsub_sardinia_main_island,0.745872619,0.450761086,1.196633704,0.6233,0.3767,OCEAN,False,False,AUTHORISED_FRAGMENT_CONTROLLED_OTHER_COMPONENT_LAND_REMAINS_UNOWNED
Sardinia,h6000_q-000325_r+000952,lfr_5308807ea5cdd8,hsub_sardinia_main_island,0.299568397,0.042677565,0.342245962,0.8753,0.1247,OCEAN,False,False,AUTHORISED_FRAGMENT_CONTROLLED_OTHER_COMPONENT_LAND_REMAINS_UNOWNED
Sardinia,h6000_q-000309_r+000969,lfr_f90c01d6ae0d7f,hsub_sardinia_main_island,0.9215556,0.116795336,1.038350937,0.8875,0.1125,OCEAN,False,False,AUTHORISED_FRAGMENT_CONTROLLED_OTHER_COMPONENT_LAND_REMAINS_UNOWNED
Sardinia,h6000_q-000289_r+000905,lfr_2b0644b9c90cb8,hsub_sardinia_main_island,0.192705699,0.020486268,0.213191967,0.9039,0.0961,OCEAN,False,False,AUTHORISED_FRAGMENT_CONTROLLED_OTHER_COMPONENT_LAND_REMAINS_UNOWNED
Sardinia,h6000_q-000317_r+000969,lfr_fe8054ede7772f,hsub_sardinia_main_island,0.024767296,0.002587503,0.027354799,0.9054,0.0946,OCEAN,False,False,AUTHORISED_FRAGMENT_CONTROLLED_OTHER_COMPONENT_LAND_REMAINS_UNOWNED
Sardinia,h6000_q-000306_r+000967,lfr_fcb98cdb24e454,hsub_sardinia_main_island,4.297025262,0.414004792,4.711030054,0.9121,0.0879,OCEAN,False,False,AUTHORISED_FRAGMENT_CONTROLLED_OTHER_COMPONENT_LAND_REMAINS_UNOWNED
Sardinia,h6000_q-000303_r+000964,lfr_11edb97d12e4d6,hsub_sardinia_main_island,2.964367067,0.215449763,3.179816831,0.9322,0.0678,OCEAN,False,False,AUTHORISED_FRAGMENT_CONTROLLED_OTHER_COMPONENT_LAND_REMAINS_UNOWNED
Sardinia,h6000_q-000308_r+000969,lfr_2eceeb84bbefe3,hsub_sardinia_main_island,4.835026433,0.331395352,5.166421785,0.9359,0.0641,OCEAN,False,False,AUTHORISED_FRAGMENT_CONTROLLED_OTHER_COMPONENT_LAND_REMAINS_UNOWNED
Sardinia,h6000_q-000302_r+000962,lfr_8c6d62a0bb8759,hsub_sardinia_main_island,2.978905754,0.174534262,3.153440015,0.9447,0.0553,OCEAN,False,False,AUTHORISED_FRAGMENT_CONTROLLED_OTHER_COMPONENT_LAND_REMAINS_UNOWNED
Sardinia,h6000_q-000318_r+000946,lfr_6c3724351b596f,hsub_sardinia_main_island,0.003573615,0.000158915,0.00373253,0.9574,0.0426,OCEAN,False,False,AUTHORISED_FRAGMENT_CONTROLLED_OTHER_COMPONENT_LAND_REMAINS_UNOWNED
Sardinia,h6000_q-000301_r+000961,lfr_c1523742d1dba9,hsub_sardinia_main_island,2.905027152,0.126834584,3.031861735,0.9582,0.0418,OCEAN,False,False,AUTHORISED_FRAGMENT_CONTROLLED_OTHER_COMPONENT_LAND_REMAINS_UNOWNED
Sardinia,h6000_q-000316_r+000972,lfr_b2e2568d4275b6,hsub_sardinia_main_island,1.133573861,0.048824322,1.182398183,0.9587,0.0413,OCEAN,False,False,AUTHORISED_FRAGMENT_CONTROLLED_OTHER_COMPONENT_LAND_REMAINS_UNOWNED
Sardinia,h6000_q-000302_r+000914,lfr_17bd26a9005d7b,hsub_sardinia_main_island,0.159398181,0.00547817,0.164876351,0.9668,0.0332,OCEAN,False,False,AUTHORISED_FRAGMENT_CONTROLLED_OTHER_COMPONENT_LAND_REMAINS_UNOWNED
Sardinia,h6000_q-000326_r+000954,lfr_744371830fa9ae,hsub_sardinia_main_island,3.60949022,0.119739113,3.729229333,0.9679,0.0321,OCEAN,False,False,AUTHORISED_FRAGMENT_CONTROLLED_OTHER_COMPONENT_LAND_REMAINS_UNOWNED
Sardinia,h6000_q-000314_r+000972,lfr_309a7aa514c12f,hsub_sardinia_main_island,0.14016013,0.00351489,0.14367502,0.9755,0.0245,OCEAN,False,False,AUTHORISED_FRAGMENT_CONTROLLED_OTHER_COMPONENT_LAND_REMAINS_UNOWNED
Sicily,h6000_q-000208_r+000878,lfr_44ba73ef6e780e,hsub_sicily_main_island,0.619847095,5.627142026,6.246989121,0.0992,0.9008,OCEAN,False,False,AUTHORISED_FRAGMENT_CONTROLLED_OTHER_COMPONENT_LAND_REMAINS_UNOWNED
Sicily,h6000_q-000152_r+000865,lfr_ca1d9c457d5d8f,hsub_sicily_main_island,0.000532561,0.001351692,0.001884253,0.2826,0.7174,OCEAN,False,False,AUTHORISED_FRAGMENT_CONTROLLED_OTHER_COMPONENT_LAND_REMAINS_UNOWNED
Sicily,h6000_q-000154_r+000888,lfr_ccbd14dab272bd,hsub_sicily_main_island,2.2536541,1.284373538,3.538027638,0.637,0.363,OCEAN,False,False,AUTHORISED_FRAGMENT_CONTROLLED_OTHER_COMPONENT_LAND_REMAINS_UNOWNED
Sicily,h6000_q-000198_r+000887,lfr_9181c3d36f897f,hsub_sicily_main_island,1.219602973,0.138257772,1.357860745,0.8982,0.1018,OCEAN,False,False,AUTHORISED_FRAGMENT_CONTROLLED_OTHER_COMPONENT_LAND_REMAINS_UNOWNED
Sicily,h6000_q-000142_r+000846,lfr_ca8d0d7f8c00b2,hsub_sicily_main_island,4.414192131,0.341048681,4.755240812,0.9283,0.0717,OCEAN,False,False,AUTHORISED_FRAGMENT_CONTROLLED_OTHER_COMPONENT_LAND_REMAINS_UNOWNED
Sicily,h6000_q-000153_r+000869,lfr_d37c743c407d91,hsub_sicily_main_island,0.775396957,0.027378922,0.802775879,0.9659,0.0341,OCEAN,False,False,AUTHORISED_FRAGMENT_CONTROLLED_OTHER_COMPONENT_LAND_REMAINS_UNOWNED
Sicily,h6000_q-000209_r+000882,lfr_d71d3d3bc00763,hsub_sicily_main_island,3.581814795,0.078775939,3.660590734,0.9785,0.0215,OCEAN,False,False,AUTHORISED_FRAGMENT_CONTROLLED_OTHER_COMPONENT_LAND_REMAINS_UNOWNED
