stage,map_source_id,copy_id,sheet,side,axis,dimensionality,pixel_x,pixel_y,degree_value,frame,spacing_px,lattice_rms_px,window_lo,window_hi,threshold,crossed_with_another_stroke
MAPGEN-028,hsrc_c61726597ef3,copy_ucbg_nc_0681,N,top,lon,KNOWN_LONGITUDE_ONLY,940.0,172.0,7.333333,PLATE,117.786,2.673,168,176,175,NO
MAPGEN-028,hsrc_c61726597ef3,copy_ucbg_nc_0681,N,top,lon,KNOWN_LONGITUDE_ONLY,1059.0,172.0,7.5,PLATE,117.786,2.673,168,176,175,NO
MAPGEN-028,hsrc_c61726597ef3,copy_ucbg_nc_0681,N,top,lon,KNOWN_LONGITUDE_ONLY,1176.5,172.0,7.666667,PLATE,117.786,2.673,168,176,175,NO
MAPGEN-028,hsrc_c61726597ef3,copy_ucbg_nc_0681,N,top,lon,KNOWN_LONGITUDE_ONLY,1293.5,172.0,7.833333,PLATE,117.786,2.673,168,176,175,NO
MAPGEN-028,hsrc_c61726597ef3,copy_ucbg_nc_0681,N,top,lon,KNOWN_LONGITUDE_ONLY,1411.5,172.0,8.0,PLATE,117.786,2.673,168,176,175,NO
MAPGEN-028,hsrc_c61726597ef3,copy_ucbg_nc_0681,N,top,lon,KNOWN_LONGITUDE_ONLY,1530.5,172.0,8.166667,PLATE,117.786,2.673,168,176,175,NO
MAPGEN-028,hsrc_c61726597ef3,copy_ucbg_nc_0681,N,top,lon,KNOWN_LONGITUDE_ONLY,1768.5,172.0,8.5,PLATE,117.786,2.673,168,176,175,NO
MAPGEN-028,hsrc_c61726597ef3,copy_ucbg_nc_0681,N,top,lon,KNOWN_LONGITUDE_ONLY,2108.5,172.0,9.0,PLATE,117.786,2.673,168,176,175,NO
MAPGEN-028,hsrc_c61726597ef3,copy_ucbg_nc_0681,N,top,lon,KNOWN_LONGITUDE_ONLY,2587.0,172.0,9.666667,PLATE,117.786,2.673,168,176,175,NO
MAPGEN-028,hsrc_c61726597ef3,copy_ucbg_nc_0681,N,top,lon,KNOWN_LONGITUDE_ONLY,2822.9,172.0,10.0,PLATE,117.786,2.673,168,176,175,NO
MAPGEN-028,hsrc_c61726597ef3,copy_ucbg_nc_0681,N,top,lon,KNOWN_LONGITUDE_ONLY,2941.5,172.0,10.166667,PLATE,117.786,2.673,168,176,175,NO
MAPGEN-028,hsrc_c61726597ef3,copy_ucbg_nc_0681,N,top,lon,KNOWN_LONGITUDE_ONLY,3058.5,172.0,10.333333,PLATE,117.786,2.673,168,176,175,NO
MAPGEN-028,hsrc_c61726597ef3,copy_ucbg_nc_0681,N,top,lon,KNOWN_LONGITUDE_ONLY,3176.5,172.0,10.5,PLATE,117.786,2.673,168,176,175,NO
MAPGEN-028,hsrc_c61726597ef3,copy_ucbg_nc_0681,N,top,lon,KNOWN_LONGITUDE_ONLY,3296.0,172.0,10.666667,PLATE,117.786,2.673,168,176,175,NO
MAPGEN-028,hsrc_c61726597ef3,copy_ucbg_nc_0681,N,top,lon,KNOWN_LONGITUDE_ONLY,3414.5,172.0,10.833333,PLATE,117.786,2.673,168,176,175,NO
MAPGEN-028,hsrc_c61726597ef3,copy_ucbg_nc_0681,N,top,lon,KNOWN_LONGITUDE_ONLY,3532.1,172.0,11.0,PLATE,117.786,2.673,168,176,175,NO
MAPGEN-028,hsrc_c61726597ef3,copy_ucbg_nc_0681,N,top,lon,KNOWN_LONGITUDE_ONLY,3650.5,172.0,11.166667,PLATE,117.786,2.673,168,176,175,NO
MAPGEN-028,hsrc_c61726597ef3,copy_ucbg_nc_0681,N,top,lon,KNOWN_LONGITUDE_ONLY,3769.0,172.0,11.333333,PLATE,117.786,2.673,168,176,175,NO
MAPGEN-028,hsrc_c61726597ef3,copy_ucbg_nc_0681,N,bottom,lon,KNOWN_LONGITUDE_ONLY,862.0,2950.0,7.333333,PLATE,123.536,2.968,2946,2954,175,NO
MAPGEN-028,hsrc_c61726597ef3,copy_ucbg_nc_0681,N,bottom,lon,KNOWN_LONGITUDE_ONLY,1108.5,2950.0,7.666667,PLATE,123.536,2.968,2946,2954,175,NO
MAPGEN-028,hsrc_c61726597ef3,copy_ucbg_nc_0681,N,bottom,lon,KNOWN_LONGITUDE_ONLY,1232.6,2950.0,7.833333,PLATE,123.536,2.968,2946,2954,175,NO
MAPGEN-028,hsrc_c61726597ef3,copy_ucbg_nc_0681,N,bottom,lon,KNOWN_LONGITUDE_ONLY,1352.75,2950.0,8.0,PLATE,123.536,2.968,2946,2954,175,NO
MAPGEN-028,hsrc_c61726597ef3,copy_ucbg_nc_0681,N,bottom,lon,KNOWN_LONGITUDE_ONLY,1480.5,2950.0,8.166667,PLATE,123.536,2.968,2946,2954,175,NO
MAPGEN-028,hsrc_c61726597ef3,copy_ucbg_nc_0681,N,bottom,lon,KNOWN_LONGITUDE_ONLY,1605.5,2950.0,8.333333,PLATE,123.536,2.968,2946,2954,175,NO
MAPGEN-028,hsrc_c61726597ef3,copy_ucbg_nc_0681,N,bottom,lon,KNOWN_LONGITUDE_ONLY,1728.5,2950.0,8.5,PLATE,123.536,2.968,2946,2954,175,NO
MAPGEN-028,hsrc_c61726597ef3,copy_ucbg_nc_0681,N,bottom,lon,KNOWN_LONGITUDE_ONLY,1854.5,2950.0,8.666667,PLATE,123.536,2.968,2946,2954,175,NO
MAPGEN-028,hsrc_c61726597ef3,copy_ucbg_nc_0681,N,bottom,lon,KNOWN_LONGITUDE_ONLY,1979.5,2950.0,8.833333,PLATE,123.536,2.968,2946,2954,175,NO
MAPGEN-028,hsrc_c61726597ef3,copy_ucbg_nc_0681,N,bottom,lon,KNOWN_LONGITUDE_ONLY,2102.5,2950.0,9.0,PLATE,123.536,2.968,2946,2954,175,NO
MAPGEN-028,hsrc_c61726597ef3,copy_ucbg_nc_0681,N,bottom,lon,KNOWN_LONGITUDE_ONLY,2347.0,2950.0,9.333333,PLATE,123.536,2.968,2946,2954,175,NO
MAPGEN-028,hsrc_c61726597ef3,copy_ucbg_nc_0681,N,bottom,lon,KNOWN_LONGITUDE_ONLY,2466.5,2950.0,9.5,PLATE,123.536,2.968,2946,2954,175,NO
MAPGEN-028,hsrc_c61726597ef3,copy_ucbg_nc_0681,N,bottom,lon,KNOWN_LONGITUDE_ONLY,2590.5,2950.0,9.666667,PLATE,123.536,2.968,2946,2954,175,NO
MAPGEN-028,hsrc_c61726597ef3,copy_ucbg_nc_0681,N,bottom,lon,KNOWN_LONGITUDE_ONLY,2714.1,2950.0,9.833333,PLATE,123.536,2.968,2946,2954,175,NO
MAPGEN-028,hsrc_c61726597ef3,copy_ucbg_nc_0681,N,bottom,lon,KNOWN_LONGITUDE_ONLY,2836.0,2950.0,10.0,PLATE,123.536,2.968,2946,2954,175,NO
MAPGEN-028,hsrc_c61726597ef3,copy_ucbg_nc_0681,N,bottom,lon,KNOWN_LONGITUDE_ONLY,2960.5,2950.0,10.166667,PLATE,123.536,2.968,2946,2954,175,NO
MAPGEN-028,hsrc_c61726597ef3,copy_ucbg_nc_0681,N,bottom,lon,KNOWN_LONGITUDE_ONLY,3084.5,2950.0,10.333333,PLATE,123.536,2.968,2946,2954,175,NO
MAPGEN-028,hsrc_c61726597ef3,copy_ucbg_nc_0681,N,bottom,lon,KNOWN_LONGITUDE_ONLY,3206.5,2950.0,10.5,PLATE,123.536,2.968,2946,2954,175,NO
MAPGEN-028,hsrc_c61726597ef3,copy_ucbg_nc_0681,N,bottom,lon,KNOWN_LONGITUDE_ONLY,3331.5,2950.0,10.666667,PLATE,123.536,2.968,2946,2954,175,NO
MAPGEN-028,hsrc_c61726597ef3,copy_ucbg_nc_0681,N,bottom,lon,KNOWN_LONGITUDE_ONLY,3579.9,2950.0,11.0,PLATE,123.536,2.968,2946,2954,175,NO
MAPGEN-028,hsrc_c61726597ef3,copy_ucbg_nc_0681,N,bottom,lon,KNOWN_LONGITUDE_ONLY,3702.5,2950.0,11.166667,PLATE,123.536,2.968,2946,2954,175,NO
MAPGEN-028,hsrc_c61726597ef3,copy_ucbg_nc_0681,N,bottom,lon,KNOWN_LONGITUDE_ONLY,3835.5,2950.0,11.333333,PLATE,123.536,2.968,2946,2954,175,NO
MAPGEN-028,hsrc_c61726597ef3,copy_ucbg_nc_0681,N,left,lat,KNOWN_LATITUDE_ONLY,808.0,345.5,41.833333,GREENWICH,161.927,2.797,804,812,160,NO
MAPGEN-028,hsrc_c61726597ef3,copy_ucbg_nc_0681,N,left,lat,KNOWN_LATITUDE_ONLY,808.0,508.0,41.666667,GREENWICH,161.927,2.797,804,812,160,NO
MAPGEN-028,hsrc_c61726597ef3,copy_ucbg_nc_0681,N,left,lat,KNOWN_LATITUDE_ONLY,808.0,665.9,41.5,GREENWICH,161.927,2.797,804,812,160,NO
MAPGEN-028,hsrc_c61726597ef3,copy_ucbg_nc_0681,N,left,lat,KNOWN_LATITUDE_ONLY,808.0,828.5,41.333333,GREENWICH,161.927,2.797,804,812,160,NO
MAPGEN-028,hsrc_c61726597ef3,copy_ucbg_nc_0681,N,left,lat,KNOWN_LATITUDE_ONLY,808.0,989.0,41.166667,GREENWICH,161.927,2.797,804,812,160,NO
MAPGEN-028,hsrc_c61726597ef3,copy_ucbg_nc_0681,N,left,lat,KNOWN_LATITUDE_ONLY,808.0,1162.25,41.0,GREENWICH,161.927,2.797,804,812,160,NO
MAPGEN-028,hsrc_c61726597ef3,copy_ucbg_nc_0681,N,left,lat,KNOWN_LATITUDE_ONLY,808.0,1313.5,40.833333,GREENWICH,161.927,2.797,804,812,160,NO
MAPGEN-028,hsrc_c61726597ef3,copy_ucbg_nc_0681,N,left,lat,KNOWN_LATITUDE_ONLY,808.0,1476.1,40.666667,GREENWICH,161.927,2.797,804,812,160,NO
MAPGEN-028,hsrc_c61726597ef3,copy_ucbg_nc_0681,N,left,lat,KNOWN_LATITUDE_ONLY,808.0,1638.25,40.5,GREENWICH,161.927,2.797,804,812,160,NO
MAPGEN-028,hsrc_c61726597ef3,copy_ucbg_nc_0681,N,left,lat,KNOWN_LATITUDE_ONLY,808.0,1800.0,40.333333,GREENWICH,161.927,2.797,804,812,160,NO
MAPGEN-028,hsrc_c61726597ef3,copy_ucbg_nc_0681,N,left,lat,KNOWN_LATITUDE_ONLY,808.0,1960.0,40.166667,GREENWICH,161.927,2.797,804,812,160,NO
MAPGEN-028,hsrc_c61726597ef3,copy_ucbg_nc_0681,N,left,lat,KNOWN_LATITUDE_ONLY,808.0,2127.5,40.0,GREENWICH,161.927,2.797,804,812,160,NO
MAPGEN-028,hsrc_c61726597ef3,copy_ucbg_nc_0681,N,left,lat,KNOWN_LATITUDE_ONLY,808.0,2286.0,39.833333,GREENWICH,161.927,2.797,804,812,160,NO
MAPGEN-028,hsrc_c61726597ef3,copy_ucbg_nc_0681,N,left,lat,KNOWN_LATITUDE_ONLY,808.0,2450.1,39.666667,GREENWICH,161.927,2.797,804,812,160,NO
MAPGEN-028,hsrc_c61726597ef3,copy_ucbg_nc_0681,N,left,lat,KNOWN_LATITUDE_ONLY,808.0,2611.0,39.5,GREENWICH,161.927,2.797,804,812,160,NO
MAPGEN-028,hsrc_c61726597ef3,copy_ucbg_nc_0681,N,left,lat,KNOWN_LATITUDE_ONLY,808.0,2774.9,39.333333,GREENWICH,161.927,2.797,804,812,160,NO
MAPGEN-028,hsrc_c61726597ef3,copy_ucbg_nc_0681,N,right,lat,KNOWN_LATITUDE_ONLY,3788.0,831.0,41.333333,GREENWICH,162.544,0.737,3784,3792,130,NO
MAPGEN-028,hsrc_c61726597ef3,copy_ucbg_nc_0681,N,right,lat,KNOWN_LATITUDE_ONLY,3788.0,1156.4,41.0,GREENWICH,162.544,0.737,3784,3792,130,NO
MAPGEN-028,hsrc_c61726597ef3,copy_ucbg_nc_0681,N,right,lat,KNOWN_LATITUDE_ONLY,3788.0,1320.5,40.833333,GREENWICH,162.544,0.737,3784,3792,130,NO
MAPGEN-028,hsrc_c61726597ef3,copy_ucbg_nc_0681,N,right,lat,KNOWN_LATITUDE_ONLY,3788.0,1482.4,40.666667,GREENWICH,162.544,0.737,3784,3792,130,NO
MAPGEN-028,hsrc_c61726597ef3,copy_ucbg_nc_0681,N,right,lat,KNOWN_LATITUDE_ONLY,3788.0,1644.5,40.5,GREENWICH,162.544,0.737,3784,3792,130,NO
MAPGEN-028,hsrc_c61726597ef3,copy_ucbg_nc_0681,N,right,lat,KNOWN_LATITUDE_ONLY,3788.0,1806.0,40.333333,GREENWICH,162.544,0.737,3784,3792,130,NO
MAPGEN-028,hsrc_c61726597ef3,copy_ucbg_nc_0681,N,right,lat,KNOWN_LATITUDE_ONLY,3788.0,1968.5,40.166667,GREENWICH,162.544,0.737,3784,3792,130,NO
MAPGEN-028,hsrc_c61726597ef3,copy_ucbg_nc_0681,N,right,lat,KNOWN_LATITUDE_ONLY,3788.0,2132.5,40.0,GREENWICH,162.544,0.737,3784,3792,130,NO
MAPGEN-028,hsrc_c61726597ef3,copy_ucbg_nc_0682,S,top,lon,KNOWN_LONGITUDE_ONLY,1068.0,217.0,7.833333,PLATE,123.333,2.661,213,221,160,NO
MAPGEN-028,hsrc_c61726597ef3,copy_ucbg_nc_0682,S,top,lon,KNOWN_LONGITUDE_ONLY,1187.2,217.0,8.0,PLATE,123.333,2.661,213,221,160,NO
MAPGEN-028,hsrc_c61726597ef3,copy_ucbg_nc_0682,S,top,lon,KNOWN_LONGITUDE_ONLY,1563.4,217.0,8.5,PLATE,123.333,2.661,213,221,160,NO
MAPGEN-028,hsrc_c61726597ef3,copy_ucbg_nc_0682,S,top,lon,KNOWN_LONGITUDE_ONLY,1810.0,217.0,8.833333,PLATE,123.333,2.661,213,221,160,NO
MAPGEN-028,hsrc_c61726597ef3,copy_ucbg_nc_0682,S,top,lon,KNOWN_LONGITUDE_ONLY,1934.5,217.0,9.0,PLATE,123.333,2.661,213,221,160,NO
MAPGEN-028,hsrc_c61726597ef3,copy_ucbg_nc_0682,S,top,lon,KNOWN_LONGITUDE_ONLY,2305.0,217.0,9.5,PLATE,123.333,2.661,213,221,160,NO
MAPGEN-028,hsrc_c61726597ef3,copy_ucbg_nc_0682,S,top,lon,KNOWN_LONGITUDE_ONLY,2548.5,217.0,9.833333,PLATE,123.333,2.661,213,221,160,NO
MAPGEN-028,hsrc_c61726597ef3,copy_ucbg_nc_0682,S,top,lon,KNOWN_LONGITUDE_ONLY,2674.5,217.0,10.0,PLATE,123.333,2.661,213,221,160,NO
MAPGEN-028,hsrc_c61726597ef3,copy_ucbg_nc_0682,S,top,lon,KNOWN_LONGITUDE_ONLY,3042.5,217.0,10.5,PLATE,123.333,2.661,213,221,160,NO
MAPGEN-028,hsrc_c61726597ef3,copy_ucbg_nc_0682,S,top,lon,KNOWN_LONGITUDE_ONLY,3289.4,217.0,10.833333,PLATE,123.333,2.661,213,221,160,NO
MAPGEN-028,hsrc_c61726597ef3,copy_ucbg_nc_0682,S,top,lon,KNOWN_LONGITUDE_ONLY,3406.67,217.0,11.0,PLATE,123.333,2.661,213,221,160,NO
MAPGEN-028,hsrc_c61726597ef3,copy_ucbg_nc_0682,S,bottom,lon,KNOWN_LONGITUDE_ONLY,1139.17,3007.0,8.0,PLATE,129.87,2.654,3003,3011,175,NO
MAPGEN-028,hsrc_c61726597ef3,copy_ucbg_nc_0682,S,bottom,lon,KNOWN_LONGITUDE_ONLY,1401.0,3007.0,8.333333,PLATE,129.87,2.654,3003,3011,175,NO
MAPGEN-028,hsrc_c61726597ef3,copy_ucbg_nc_0682,S,bottom,lon,KNOWN_LONGITUDE_ONLY,1916.5,3007.0,9.0,PLATE,129.87,2.654,3003,3011,175,NO
MAPGEN-028,hsrc_c61726597ef3,copy_ucbg_nc_0682,S,bottom,lon,KNOWN_LONGITUDE_ONLY,2175.0,3007.0,9.333333,PLATE,129.87,2.654,3003,3011,175,NO
MAPGEN-028,hsrc_c61726597ef3,copy_ucbg_nc_0682,S,bottom,lon,KNOWN_LONGITUDE_ONLY,2312.22,3007.0,9.5,PLATE,129.87,2.654,3003,3011,175,NO
MAPGEN-028,hsrc_c61726597ef3,copy_ucbg_nc_0682,S,left,lat,KNOWN_LATITUDE_ONLY,808.0,412.2,39.333333,GREENWICH,162.163,2.507,804,812,175,NO
MAPGEN-028,hsrc_c61726597ef3,copy_ucbg_nc_0682,S,left,lat,KNOWN_LATITUDE_ONLY,808.0,570.0,39.166667,GREENWICH,162.163,2.507,804,812,175,NO
MAPGEN-028,hsrc_c61726597ef3,copy_ucbg_nc_0682,S,left,lat,KNOWN_LATITUDE_ONLY,808.0,727.75,39.0,GREENWICH,162.163,2.507,804,812,175,NO
MAPGEN-028,hsrc_c61726597ef3,copy_ucbg_nc_0682,S,left,lat,KNOWN_LATITUDE_ONLY,808.0,898.0,38.833333,GREENWICH,162.163,2.507,804,812,175,NO
MAPGEN-028,hsrc_c61726597ef3,copy_ucbg_nc_0682,S,left,lat,KNOWN_LATITUDE_ONLY,808.0,1059.0,38.666667,GREENWICH,162.163,2.507,804,812,175,NO
MAPGEN-028,hsrc_c61726597ef3,copy_ucbg_nc_0682,S,left,lat,KNOWN_LATITUDE_ONLY,808.0,1219.5,38.5,GREENWICH,162.163,2.507,804,812,175,NO
MAPGEN-028,hsrc_c61726597ef3,copy_ucbg_nc_0682,S,left,lat,KNOWN_LATITUDE_ONLY,808.0,1382.2,38.333333,GREENWICH,162.163,2.507,804,812,175,NO
MAPGEN-028,hsrc_c61726597ef3,copy_ucbg_nc_0682,S,left,lat,KNOWN_LATITUDE_ONLY,808.0,1702.3,38.0,GREENWICH,162.163,2.507,804,812,175,NO
MAPGEN-028,hsrc_c61726597ef3,copy_ucbg_nc_0682,S,left,lat,KNOWN_LATITUDE_ONLY,808.0,1868.0,37.833333,GREENWICH,162.163,2.507,804,812,175,NO
MAPGEN-028,hsrc_c61726597ef3,copy_ucbg_nc_0682,S,left,lat,KNOWN_LATITUDE_ONLY,808.0,2030.5,37.666667,GREENWICH,162.163,2.507,804,812,175,NO
MAPGEN-028,hsrc_c61726597ef3,copy_ucbg_nc_0682,S,left,lat,KNOWN_LATITUDE_ONLY,808.0,2680.9,37.0,GREENWICH,162.163,2.507,804,812,175,NO
MAPGEN-028,hsrc_c61726597ef3,copy_ucbg_nc_0682,S,right,lat,KNOWN_LATITUDE_ONLY,3815.0,407.0,39.333333,GREENWICH,161.742,2.677,3811,3819,160,NO
MAPGEN-028,hsrc_c61726597ef3,copy_ucbg_nc_0682,S,right,lat,KNOWN_LATITUDE_ONLY,3815.0,729.25,39.0,GREENWICH,161.742,2.677,3811,3819,160,NO
MAPGEN-028,hsrc_c61726597ef3,copy_ucbg_nc_0682,S,right,lat,KNOWN_LATITUDE_ONLY,3815.0,892.5,38.833333,GREENWICH,161.742,2.677,3811,3819,160,NO
MAPGEN-028,hsrc_c61726597ef3,copy_ucbg_nc_0682,S,right,lat,KNOWN_LATITUDE_ONLY,3815.0,1054.0,38.666667,GREENWICH,161.742,2.677,3811,3819,160,NO
MAPGEN-028,hsrc_c61726597ef3,copy_ucbg_nc_0682,S,right,lat,KNOWN_LATITUDE_ONLY,3815.0,1378.0,38.333333,GREENWICH,161.742,2.677,3811,3819,160,NO
MAPGEN-028,hsrc_c61726597ef3,copy_ucbg_nc_0682,S,right,lat,KNOWN_LATITUDE_ONLY,3815.0,1865.1,37.833333,GREENWICH,161.742,2.677,3811,3819,160,NO
MAPGEN-028,hsrc_c61726597ef3,copy_ucbg_nc_0682,S,right,lat,KNOWN_LATITUDE_ONLY,3815.0,2026.5,37.666667,GREENWICH,161.742,2.677,3811,3819,160,NO
MAPGEN-028,hsrc_c61726597ef3,copy_ucbg_nc_0682,S,right,lat,KNOWN_LATITUDE_ONLY,3815.0,2186.0,37.5,GREENWICH,161.742,2.677,3811,3819,160,NO
MAPGEN-028,hsrc_c61726597ef3,copy_ucbg_nc_0682,S,right,lat,KNOWN_LATITUDE_ONLY,3815.0,2355.2,37.333333,GREENWICH,161.742,2.677,3811,3819,160,NO
MAPGEN-028,hsrc_c61726597ef3,copy_ucbg_nc_0682,S,right,lat,KNOWN_LATITUDE_ONLY,3815.0,2512.0,37.166667,GREENWICH,161.742,2.677,3811,3819,160,NO
MAPGEN-028,hsrc_c61726597ef3,copy_ucbg_nc_0682,S,right,lat,KNOWN_LATITUDE_ONLY,3815.0,2669.3,37.0,GREENWICH,161.742,2.677,3811,3819,160,NO
MAPGEN-028,hsrc_c61726597ef3,copy_ucbg_nc_0682,S,right,lat,KNOWN_LATITUDE_ONLY,3815.0,2833.75,36.833333,GREENWICH,161.742,2.677,3811,3819,160,NO
MAPGEN-028,hsrc_c61726597ef3,copy_ucbg_nc_0682,S,right,lat,KNOWN_LATITUDE_ONLY,3815.0,2990.2,36.666667,GREENWICH,161.742,2.677,3811,3819,160,NO
