chunk_id,min_lon,min_lat,max_lon,max_lat,generation_status,hex_count,terrestrial_count,ocean_count,source_snapshot_sha256,canonical_hash,runtime_s,run_id
euc_00_00,-25.0,34.0,-18.0,41.5,GENERATED,26390,0,26390,31136cca40958608,dfc4a74dbbd37655,0.9,europe_foundation_20260811
euc_01_00,-18.0,34.0,-11.0,41.5,GENERATED,26288,0,26288,31136cca40958608,04180db36ca487bb,0.7,europe_foundation_20260811
euc_02_00,-11.0,34.0,-4.0,41.5,GENERATED,26390,13660,12730,31136cca40958608,9c57bdb3f168f977,7.2,europe_foundation_20260811
euc_03_00,-4.0,34.0,3.0,41.5,GENERATED,26390,15685,10705,31136cca40958608,3bb92a41552a6431,13.6,europe_foundation_20260811
euc_04_00,3.0,34.0,10.0,41.5,GENERATED,26390,11491,14899,31136cca40958608,2a07cbdb49380525,10.8,europe_foundation_20260811
euc_05_00,10.0,34.0,17.0,41.5,GENERATED,26289,5034,21255,31136cca40958608,26a3db79f15443ba,11.9,europe_foundation_20260811
euc_06_00,17.0,34.0,24.0,41.5,GENERATED,26390,7489,18901,31136cca40958608,e5b22ec4af421fb9,18.7,europe_foundation_20260811
euc_07_00,24.0,34.0,31.0,41.5,GENERATED,26390,11389,15001,31136cca40958608,0c026ae4f85a759f,23.2,europe_foundation_20260811
euc_08_00,31.0,34.0,38.0,41.5,GENERATED,26390,20568,5822,31136cca40958608,1a5da4d10102aa25,5.8,europe_foundation_20260811
euc_09_00,38.0,34.0,45.0,41.5,GENERATED,26288,25492,796,31136cca40958608,57e170160f18a12b,2.0,europe_foundation_20260811
euc_00_01,-25.0,41.5,-18.0,49.0,GENERATED,29770,0,29770,31136cca40958608,7bc80b29a0201aa2,0.6,europe_foundation_20260811
euc_01_01,-18.0,41.5,-11.0,49.0,GENERATED,29656,0,29656,31136cca40958608,b01730faeb7140d0,0.6,europe_foundation_20260811
euc_02_01,-11.0,41.5,-4.0,49.0,GENERATED,29770,5697,24073,31136cca40958608,ccae45d9584a0e9d,15.3,europe_foundation_20260811
euc_03_01,-4.0,41.5,3.0,49.0,GENERATED,29770,23254,6516,31136cca40958608,b40f5c832f10e740,41.2,europe_foundation_20260811
euc_04_01,3.0,41.5,10.0,49.0,GENERATED,29770,22247,7523,31136cca40958608,9b4fbe018a469ebc,33.4,europe_foundation_20260811
euc_05_01,10.0,41.5,17.0,49.0,GENERATED,29655,22996,6659,31136cca40958608,1ac9ba804ee6f69c,26.2,europe_foundation_20260811
euc_06_01,17.0,41.5,24.0,49.0,GENERATED,29770,28342,1428,31136cca40958608,c9402e5df010c2c2,6.7,europe_foundation_20260811
euc_07_01,24.0,41.5,31.0,49.0,GENERATED,29770,23868,5902,31136cca40958608,9ee6c0b6247de273,5.6,europe_foundation_20260811
euc_08_01,31.0,41.5,38.0,49.0,GENERATED,29770,13495,16275,31136cca40958608,bc7b0fa204e196fe,15.0,europe_foundation_20260811
euc_09_01,38.0,41.5,45.0,49.0,GENERATED,29656,25238,4418,31136cca40958608,fcf8d9096ce17e14,9.5,europe_foundation_20260811
euc_00_02,-25.0,49.0,-18.0,56.5,GENERATED,34580,0,34580,31136cca40958608,bd1f9cdbaa417ae3,0.6,europe_foundation_20260811
euc_01_02,-18.0,49.0,-11.0,56.5,GENERATED,34447,0,34447,31136cca40958608,36ed49420ee86fd7,0.8,europe_foundation_20260811
euc_02_02,-11.0,49.0,-4.0,56.5,GENERATED,34580,10344,24236,31136cca40958608,9a57225aaa0f91b7,58.7,europe_foundation_20260811
euc_03_02,-4.0,49.0,3.0,56.5,GENERATED,34580,16803,17777,31136cca40958608,5c5dbc0baa4c8118,70.3,europe_foundation_20260811
euc_04_02,3.0,49.0,10.0,56.5,GENERATED,34580,20884,13696,31136cca40958608,c7e0ed11b6c49e3d,16.6,europe_foundation_20260811
euc_05_02,10.0,49.0,17.0,56.5,GENERATED,34447,26602,7845,31136cca40958608,0e60c53db5f6d409,20.0,europe_foundation_20260811
euc_06_02,17.0,49.0,24.0,56.5,GENERATED,34580,29302,5278,31136cca40958608,84ca31afcceed299,5.5,europe_foundation_20260811
euc_07_02,24.0,49.0,31.0,56.5,GENERATED,34580,34580,0,31136cca40958608,a051fec7ffd56c96,1.0,europe_foundation_20260811
euc_08_02,31.0,49.0,38.0,56.5,GENERATED,34580,34580,0,31136cca40958608,1050569af2bc24b1,0.9,europe_foundation_20260811
euc_09_02,38.0,49.0,45.0,56.5,GENERATED,34447,34447,0,31136cca40958608,6ff26ba134d19d98,1.3,europe_foundation_20260811
euc_00_03,-25.0,56.5,-18.0,64.0,GENERATED,42380,1545,40835,31136cca40958608,f72f8643dc161100,1.7,europe_foundation_20260811
euc_01_03,-18.0,56.5,-11.0,64.0,GENERATED,42217,356,41861,31136cca40958608,8d1fe09cb2a31213,0.7,europe_foundation_20260811
euc_02_03,-11.0,56.5,-4.0,64.0,GENERATED,42380,3234,39146,31136cca40958608,e289840cd34888ce,25.7,europe_foundation_20260811
euc_03_03,-4.0,56.5,3.0,64.0,GENERATED,42380,2243,40137,31136cca40958608,274fa2817fdf3770,15.4,europe_foundation_20260811
euc_04_03,3.0,56.5,10.0,64.0,GENERATED,42380,18234,24146,31136cca40958608,9bfe1d0f48829f80,138.5,europe_foundation_20260811
euc_05_03,10.0,56.5,17.0,64.0,GENERATED,42217,38236,3981,31136cca40958608,d3592ab214c5569c,87.8,europe_foundation_20260811
euc_06_03,17.0,56.5,24.0,64.0,GENERATED,42380,16651,25729,31136cca40958608,0c2378adb1d7517a,67.9,europe_foundation_20260811
euc_07_03,24.0,56.5,31.0,64.0,GENERATED,42380,38623,3757,31136cca40958608,835b857e27c7ef30,58.8,europe_foundation_20260811
euc_08_03,31.0,56.5,38.0,64.0,GENERATED,42380,42199,181,31136cca40958608,04a33916cfb855d8,1.7,europe_foundation_20260811
euc_09_03,38.0,56.5,45.0,64.0,GENERATED,42217,42216,1,31136cca40958608,d59c661a5f82955d,1.7,europe_foundation_20260811
euc_00_04,-25.0,64.0,-18.0,71.5,GENERATED,55640,13757,41883,31136cca40958608,14ef4e6696a0cc91,18.5,europe_foundation_20260811
euc_01_04,-18.0,64.0,-11.0,71.5,GENERATED,55426,7527,47899,31136cca40958608,98567bc2e84c870f,5.6,europe_foundation_20260811
euc_02_04,-11.0,64.0,-4.0,71.5,GENERATED,55640,114,55526,31136cca40958608,4d6675a58d007723,0.8,europe_foundation_20260811
euc_03_04,-4.0,64.0,3.0,71.5,GENERATED,55640,0,55640,31136cca40958608,9ce1049cc202577e,0.8,europe_foundation_20260811
euc_04_04,3.0,64.0,10.0,71.5,GENERATED,55640,4,55636,31136cca40958608,67d2cd5a179cc883,1.0,europe_foundation_20260811
euc_05_04,10.0,64.0,17.0,71.5,GENERATED,55426,18027,37399,31136cca40958608,f1815aaf8adad54f,77.4,europe_foundation_20260811
euc_06_04,17.0,64.0,24.0,71.5,GENERATED,55640,38816,16824,31136cca40958608,ff4c6009fa6b1375,40.2,europe_foundation_20260811
euc_07_04,24.0,64.0,31.0,71.5,GENERATED,55640,47380,8260,31136cca40958608,fe5d40d5863d02d7,27.5,europe_foundation_20260811
euc_08_04,31.0,64.0,38.0,71.5,GENERATED,55640,30608,25032,31136cca40958608,5cc09663cd0a2223,17.7,europe_foundation_20260811
euc_09_04,38.0,64.0,45.0,71.5,GENERATED,55426,19538,35888,31136cca40958608,bc7d28aebed8643f,4.9,europe_foundation_20260811
